Signal,label
-891.8558742234185,1
-888.9355840625243,1
-886.0106788199936,1
-883.078919744745,1
-880.1581369962172,1
-877.237432003494,1
-874.3196763753035,1
-871.397360975005,1
-868.4821938893124,1
-865.5532245317551,1
-862.6444409854015,1
-859.725948519419,1
-856.8193207201404,1
-853.9123501290959,1
-851.0006692613028,1
-848.0852016474071,1
-845.176381142537,1
-842.2755872435059,1
-839.3828767968313,1
-836.4706569537336,1
-833.5666981418649,1
-830.6658640127238,1
-827.7679871492206,1
-824.8830337027209,1
-821.979172073217,1
-819.090077162151,1
-816.1976013853936,1
-813.3134036840738,1
-810.4219600047368,1
-807.531385162581,1
-804.6500580605343,1
-801.7597001987588,1
-798.8824994623676,1
-795.9965079147444,1
-793.1226330724198,1
-790.239553077627,1
-787.3641256704241,1
-784.4924393551066,1
-781.6128278766004,1
-778.7400436283518,1
-775.8699617866179,1
-772.9992323304194,1
-770.1384975095259,1
-767.271257619706,1
-764.4119731782574,1
-761.5427878554765,1
-758.6795143182544,1
-755.8213939460093,1
-752.9635497400968,1
-750.1093827786184,1
-747.2444175558346,1
-744.3994215761444,1
-741.5488446546518,1
-738.699639339918,1
-735.8481944092636,1
-732.9996639028464,1
-730.161431792461,1
-727.3086638337493,1
-724.4677326989905,1
-721.627829508296,1
-718.7931937826746,1
-715.9573839277546,1
-713.1209350635964,1
-710.2883487302643,1
-707.4600749244852,1
-704.6310654222451,1
-701.8031060490771,1
-698.9739583750505,1
-696.1374674662197,1
-693.3205208285268,1
-690.502875237423,1
-687.6771007947699,1
-684.8601925053355,1
-682.0379710735336,1
-679.2271735252586,1
-676.4059981181903,1
-673.6010890450639,1
-670.7930875051325,1
-667.9761263978933,1
-665.1818069332671,1
-662.3730766349912,1
-659.5706580168298,1
-656.7707905531025,1
-653.9733188459587,1
-651.1662582862597,1
-648.3676722180983,1
-645.5803653589888,1
-642.7918592791336,1
-640.002026266598,1
-637.2141387551521,1
-634.4190882385566,1
-631.6290480161662,1
-628.8499623394858,1
-626.0705438382525,1
-623.2908782319951,1
-620.5104977678727,1
-617.7337864260904,1
-614.9593975131241,1
-612.1838179849989,1
-609.4092271815476,1
-606.6400042425136,1
-603.879005433406,1
-601.1102290204319,1
-598.3465215084875,1
-595.5944794979142,1
-592.826059961435,1
-590.0625885621728,1
-587.3082043953988,1
-584.559044517004,1
-581.8106073284102,1
-579.0533712235023,1
-576.3102930131361,1
-573.5613255887654,1
-570.8111720338648,1
-568.0712328293968,1
-565.3309880203194,1
-562.5873714142866,1
-559.8620230266756,1
-557.1185745692209,1
-554.3932007381159,1
-551.6563970896074,1
-548.9294548309301,1
-546.2014551269135,1
-543.4702864361392,1
-540.74957768187,1
-538.0295683891536,1
-535.3133096850939,1
-532.5886734670694,1
-529.8824505394855,1
-527.1724910451725,1
-524.4506461630987,1
-521.7394081406534,1
-519.0377931879498,1
-516.3326728210748,1
-513.6288071859547,1
-510.93078118336524,1
-508.22813619455843,1
-505.53455411738196,1
-502.83814386811395,1
-500.14798960340306,1
-497.4590832396619,1
-494.77043005378783,1
-492.07671136316907,1
-489.40026445907085,1
-486.7169929507435,1
-484.0378861154298,1
-481.36329988725566,1
-478.6777125724047,1
-476.0093276849744,1
-473.34176866642645,1
-470.67178767624284,1
-468.00045706747403,1
-465.3405495137855,1
-462.67740357810123,1
-460.0179107081525,1
-457.36487499879644,1
-454.6978143214596,1
-452.0487031460081,1
-449.39771017783704,1
-446.74984612958815,1
-444.10351010253146,1
-441.46430639825405,1
-438.8188541656938,1
-436.1815341599278,1
-433.538916876649,1
-430.90947031171754,1
-428.27163786255454,1
-425.64158513207184,1
-423.01498333424166,1
-420.38863570623846,1
-417.7707456135473,1
-415.14984205517544,1
-412.52896316524186,1
-409.90927300173666,1
-407.29910466854733,1
-404.69084607341307,1
-402.0803582847815,1
-399.4671914312885,1
-396.8657952309615,1
-394.27121845412273,1
-391.66824075959454,1
-389.0876756812552,1
-386.4778840918681,1
-383.8835019821092,1
-381.30099839601854,1
-378.71486567978116,1
-376.1325252854144,1
-373.5477301798441,1
-370.96610930782407,1
-368.40052831548945,1
-365.8327242820651,1
-363.2577751447058,1
-360.6942911949816,1
-358.11884969807033,1
-355.5615596431535,1
-352.99841593010825,1
-350.44521645639156,1
-347.89012379985405,1
-345.3391018238467,1
-342.7905569628624,1
-340.2388945229755,1
-337.6962044931496,1
-335.1607530867143,1
-332.62108149275474,1
-330.07813552572736,1
-327.55291487161907,1
-325.02143738999683,1
-322.49995276979007,1
-319.9719564105391,1
-317.4488958100989,1
-314.9296847270117,1
-312.42262543135934,1
-309.90354926521707,1
-307.39923154669424,1
-304.88757829411827,1
-302.3925043481541,1
-299.88861305423615,1
-297.3890518887225,1
-294.89054335820964,1
-292.3991860596276,1
-289.9098611962623,1
-287.43130944710714,1
-284.94674861566955,1
-282.46881664353833,1
-279.9890353139647,1
-277.51957924998595,1
-275.0506982718888,1
-272.58096853655104,1
-270.12188886019527,1
-267.6563609287794,1
-265.19913801059516,1
-262.7493067154984,1
-260.2968683046501,1
-257.85331893327486,1
-255.41205497429377,1
-252.97135083149203,1
-250.52763075328107,1
-248.10282218858873,1
-245.6716674229675,1
-243.2366104556352,1
-240.81583153671843,1
-238.3974952130487,1
-235.993924372575,1
-233.56407195218662,1
-231.1712081597967,1
-228.76594977382422,1
-226.3565536350544,1
-223.96114913921622,1
-221.56968020597552,1
-219.17872654199215,1
-216.79326053818014,1
-214.4145286651819,1
-212.0289721845038,1
-209.64749522124148,1
-207.2803238978296,1
-204.91433278031025,1
-202.55397653143038,1
-200.18966219745568,1
-197.8300114415554,1
-195.48155073940111,1
-193.1282984926846,1
-190.79147548612357,1
-188.4490544724025,1
-186.122789662093,1
-183.77948331429246,1
-181.4564802005196,1
-179.1283984787986,1
-176.82117754474098,1
-174.4981173473545,1
-172.18995945289726,1
-169.89011560523187,1
-167.58131948702226,1
-165.29191267123656,1
-163.00017934978956,1
-160.70910721826365,1
-158.42937410330768,1
-156.15064429048888,1
-153.86954427353135,1
-151.61001437574112,1
-149.34380162614252,1
-147.0784496014134,1
-144.83221111635436,1
-142.5806261539639,1
-140.3305295428434,1
-138.0995350243119,1
-135.86321934764294,1
-133.63213381454412,1
-131.41229999532356,1
-129.19185920219073,1
-126.97618141272041,1
-124.77482532305072,1
-122.57080863402814,1
-120.37221275676646,1
-118.1835281677528,1
-115.9901793269998,1
-113.80866718452283,1
-111.63969092222675,1
-109.46943581648172,1
-107.31334570998271,1
-105.15641404868596,1
-123.4696373623926,1
-47.538892124821245,1
-46.38437072419896,1
-45.23440467341296,1
-44.104801146715346,1
-42.98011705695309,1
-41.87913604340792,1
-40.78679723461674,1
-39.717352727010535,1
-38.66098962003554,1
-37.62468283718063,1
-36.5981328274118,1
-35.58891696789845,1
-34.591503972467116,1
-33.608754173458536,1
-32.652172595995864,1
-31.712523573517743,1
-30.78164194246411,1
-29.86085148236588,1
-28.957493800395095,1
-28.08015498895573,1
-27.22067300593451,1
-26.367171993830404,1
-25.538584831547784,1
-24.72049954957802,1
-23.9260241630582,1
-23.141576932880366,1
-22.378240264452927,1
-21.62778992420078,1
-20.898599656021357,1
-20.178792288582066,1
-19.48925143204291,1
-18.80867297007586,1
-18.139293814048617,1
-17.490197926713876,1
-16.861377635096662,1
-16.24080443053162,1
-15.642841216038011,1
-15.063309851314605,1
-14.492148783745334,1
-13.939761423637155,1
-13.40109428619068,1
-12.88681266096635,1
-12.371885238074862,1
-11.878413699800198,1
-11.398363426076218,1
-10.94196408956892,1
-10.49938007431271,1
-10.061632329182109,1
-9.640582421651045,1
-9.241963351234663,1
-8.850817945789288,1
-8.469455545200898,1
-8.106416265286112,1
-7.759850959159734,1
-7.420779585870997,1
-7.0890216468276535,1
-6.779433881391883,1
-6.467384219278462,1
-6.178474346736687,1
-54.28852001650021,0
-52.67442158592761,0
-51.054689917178294,0
-49.47149932249041,0
-47.88908832536466,0
-46.32196911956291,0
-44.76860172100891,0
-43.24140649854789,0
-41.733002713501946,0
-40.22870695413467,0
-38.75085935843659,0
-37.2991261894716,0
-35.85687358256603,0
-34.437116061130844,0
-33.039384333079106,0
-31.66004267277969,0
-30.309860680624098,0
-28.981484254107077,0
-27.667322560726564,0
-26.37885034128063,0
-25.134179697998988,0
-23.8895677988924,0
-22.681346072565663,0
-21.497857888838833,0
-20.350866376961783,0
-19.226134702624968,0
-18.129270956883307,0
-17.062358164729105,0
-16.027376424902318,0
-15.017224980832708,0
-14.059534956309466,0
-13.121131525509233,0
-12.214615031129075,0
-11.348563137580054,0
-10.522569159505839,0
-9.719819671295435,0
-8.962010612582622,0
-8.237633172487206,0
-7.561184703548853,0
-6.9111160194234404,0
-6.301195829467558,0
-5.728761170025127,0
-5.188223066585759,0
-4.686326757319728,0
-4.229041205169076,0
-3.8025618781695667,0
-3.409302341289764,0
-3.0406799232473536,0
-2.707801108676968,0
-2.408379288346541,0
-2.139730753988684,0
-1.8910060026810442,0
-1.667274286099581,0
-1.470285284087574,0
-1.2840978829642682,0
-1.1274302745251739,0
-0.990983500683492,0
-0.8671165474910807,0
-0.7616795055385908,0
-0.6602472293935374,0
-29.19035462047226,0
-26.98628364004716,0
-24.895120632458102,0
-22.93492012357638,0
-21.07263872279979,0
-19.321112861789302,0
-17.672403944909398,0
0.001197508699643922,0
0.00387430120092453,0
0.0016618370482766656,0
0.001700496364234144,0
0.0034014102786456804,0
0.0012124716624625817,0
0.0017250841115542426,0
-0.002930478533950912,0
-0.0026056271446507906,0
0.002284513849918779,0
0.0029301439449603136,0
-0.0019754780896437977,0
-0.0005448089508247051,0
0.0019816921063678388,0
-0.0008676191819428715,0
0.00203254331859691,0
-0.0024863273896640462,0
0.0022991265587480095,0
0.00184606849473005,0
-0.0013056156338389596,0
-0.0007034851349496582,0
-0.0006425122558447707,0
0.00029091829329251585,0
0.0004108461239455742,0
-0.0004861744536732425,0
0.004140775363063157,0
-0.001664265104846503,0
0.0023821387511141203,0
0.0021090497994253944,0
-0.0013480730387880966,0
-0.0019483007602197294,0
-0.0025852153982880125,0
-0.006794546408705907,0
0.002448107608315695,0
0.002676701627152833,0
0.0035899972537249817,0
-0.00019217441795362072,0
-7.9892953893715e-05,0
0.0011337793779601338,0
-0.004571423259050123,0
-0.0016406153950236737,0
-0.00023098429797839627,0
-0.0004618075102149158,0
0.0008795883343740888,0
0.0011429594065762256,0
0.0001868497481047296,0
-0.0004950102244815613,0
0.0010909408266438867,0
-0.004414508924098214,0
0.0008406018066743882,0
-0.0015029490043519682,0
0.00044452844972116045,0
-0.0005850249010272841,0
-0.0021668056394462706,0
-0.0028230873966634358,0
-0.0003999567975612791,0
0.0015822944645474072,0
-0.0021801443656855792,0
-0.004329761339729506,0
0.0002878854980252422,0
-0.002440398652644933,0
-0.003021017403881315,0
-0.00029682776853712077,0
0.002908345287626301,0
-0.003347348968340316,0
0.0018200988387916698,0
0.000494768279157242,0
0.0038042443752291217,0
0.0012786533753231337,0
0.004121249868860443,0
0.00543762535115614,0
-0.001405335517419924,0
-0.001835639727932102,0
-0.0006431741447912615,0
0.0008509413669116309,0
0.0029280952375347565,0
-0.0013147213826416166,0
-0.002123620772737681,0
-0.0009259036841347654,0
0.0019340851209293801,0
-0.000479774963132452,0
0.0017758880140855697,0
-0.0010772510942256527,0
7.237094360594762e-05,0
-0.004171716942967569,0
-0.001965233676421049,0
0.0010656830681768498,0
0.0007785367802320565,0
-0.0006640058155156782,0
0.0002470281585681324,0
0.002258147726135559,0
3.4664250855395794e-05,0
0.0017844162441004862,0
0.0006904507337237194,0
-0.004879717774038146,0
0.0017740490129798097,0
-0.0029900829182672234,0
-0.0008035667340283458,0
-0.0009561420986553213,0
-0.0025642936002691808,0
0.00038430846108555215,0
-0.00010879804670793659,0
-0.0007063207634863157,0
0.0020701033091143468,0
-0.005386268845458739,0
-0.0015198504729712107,0
-0.00036428296858515794,0
0.0015516798087645363,0
-0.0019303070595635295,0
0.0029795784517619604,0
0.0007609290599144723,0
0.002475013929827082,0
-0.0013911192965031188,0
0.00023145844925552493,0
0.0021223205831777258,0
0.0025267828959676408,0
0.001865134170569737,0
-0.0019910595623873263,0
-0.002721476077056697,0
0.0029460390857820773,0
0.0021266613231050633,0
0.00044944525352076285,0
-0.0001243305423697415,0
0.004003794913211601,0
-0.0008081077767143547,0
0.0022584665187460524,0
-0.002258133951205385,0
-0.000980196312288698,0
0.0014659209548145385,0
0.004135368486516157,0
-0.0026886512504987704,0
-0.0038285284764391107,0
-0.0015701101453071025,0
0.001365389385866443,0
0.008312171623406356,0
0.006002028632619322,0
-0.0030804554741488193,0
-0.0008498080468697267,0
-0.00031178286702594326,0
-0.0009135437389085108,0
0.0015555476662366251,0
0.0026604819658045805,0
-0.003354180724634726,0
-0.0013246083179156206,0
-0.003010024583888864,0
-0.0050762615296146224,0
-0.003181762959481591,0
-0.0016577194649736767,0
0.0037547837908379535,0
-0.0005461927621685623,0
-0.0011068308557244317,0
-0.003238706782136865,0
0.0004358185576965012,0
-0.0023249891379776683,0
0.0026109981485576885,0
0.0023526505300985314,0
0.000723839361595153,0
-0.005727779457792069,0
0.0011025781124149132,0
-0.00010002423275820926,0
0.003049854516573853,0
0.001648226950657417,0
-0.0028257257152666327,0
0.002756914867360632,0
0.0023799619971638327,0
0.0026662264534981924,0
0.0032910820710918757,0
-0.0018487486272014048,0
-0.001363308291781635,0
-0.0007820161888805895,0
-0.0011325882240630172,0
0.00019704834120328602,0
0.0020070890992551944,0
0.001530285874072015,0
-0.0027425844609452704,0
-0.001111489109373766,0
-0.0005362147711940094,0
0.002879258258346328,0
-0.0007057030929980247,0
-0.001820986141564426,0
0.003323209921947669,0
0.0016327730940356878,0
0.0011341751509994472,0
-0.003206741320378886,0
0.000644356068375592,0
-0.0012755793138633127,0
-0.002574355045165685,0
0.002626851824679364,0
-0.0021107439967294928,0
-0.003408516629281086,0
-0.0032342368916141472,0
0.0007409196207794791,0
-0.0009444593868718251,0
-0.0007666433150291819,0
0.0014512406187745035,0
-0.0011312230877875262,0
-0.0009236916203886177,0
0.0017851257242257905,0
-0.003910874194477594,0
0.003079192287654306,0
-0.001623735663424772,0
0.0011771481275397592,0
0.0025033833580979767,0
-0.0011138829572913478,0
-0.0008707771281584319,0
0.0004192668587731903,0
0.00047426505474715475,0
-0.006025286616418275,0
0.001294017811539846,0
-0.0011326470977492645,0
-0.000955181949909226,0
0.002407983681699618,0
0.002255108132360633,0
0.0017122776829589378,0
0.0002901178272492059,0
0.003142222614931396,0
-0.002724424401475278,0
0.0024798886289790394,0
-0.000989562409577293,0
-0.0006798798269226251,0
-0.0003909117734822128,0
0.0004662376041066227,0
0.0006885789554296514,0
-0.00018237902513382884,0
-0.0017785166891664205,0
-0.0009271921635991055,0
0.0006542454925275568,0
-0.0034116002016316618,0
-0.003976937847787787,0
-0.0007541983228735201,0
0.005769098876566706,0
-0.0014303240282436125,0
-0.0014481710926911647,0
0.00011276478599253028,0
0.004681249470162262,0
0.0024656928186851217,0
-1.8206610837243246e-05,0
-0.0014275425487228943,0
-0.0001227581196865474,0
0.000592763072153894,0
0.0006169619315963446,0
0.00311862062908154,0
0.002709031834920823,0
0.001444357143044297,0
-0.004982301760742082,0
-0.0007735171128950087,0
-0.0015774262897003668,0
0.002309851704499962,0
-0.0013292083197005103,0
-0.00011435120527637473,0
-0.002633231980940916,0
-0.0012515280668200478,0
-0.0024533341130226114,0
0.002661063948505151,0
0.0016430973540654337,0
-0.002172561147612829,0
0.0017670986612590834,0
-0.0022883437118443486,0
-0.005634808631968879,0
0.0014486064254578452,0
0.0019551356079244697,0
-0.004033671136755283,0
-0.0024652045703022793,0
-0.00016210601083392742,0
-0.0004069011930317272,0
-0.0031344584785306787,0
0.001946309017716885,0
-0.0014049440259538233,0
-0.0008247214849504918,0
-0.0013813136611840226,0
0.00012401132636338273,0
0.0015681629405768771,0
0.0021518015295218444,0
-0.0014672858085457592,0
-0.0004970056264650926,0
-0.00023200316108234123,0
-0.0010002765429424022,0
0.0015151730632726867,0
8.95833434374637e-05,0
0.00417176146466587,0
-0.0011497748916536462,0
-0.0027477363688088933,0
-0.0016311514832924637,0
0.0018131232197148468,0
0.002301851963636504,0
-0.0024365591733231736,0
0.0014798080073832307,0
0.000712488818135811,0
0.005245869088850991,0
0.00392382733691344,0
0.00012385380755042897,0
0.0003695056689760866,0
-7.222983692240248e-05,0
0.004089601652164898,0
0.0012526632954161997,0
-0.0012227910387569742,0
0.0003377020381227587,0
0.0024075026270961586,0
-0.00020142988485823178,0
-0.0023922535219455363,0
-0.0014544447887837202,0
-0.0029682225346516727,0
0.004180075846518707,0
0.005128077111469292,0
0.0012206927352289398,0
0.0004311800430376257,0
-0.0008177454739214459,0
-0.004118874085311326,0
0.0010626660586649725,0
-0.004412631025175094,0
-0.001416880336919185,0
-0.0002515112351128577,0
0.00231927467130972,0
-0.0018284321669739543,0
-0.0011691832498099079,0
-0.0010084397851765946,0
-0.00044173553397381537,0
0.003024982992658172,0
0.0005638915526658987,0
-0.0013397717865174807,0
-0.0012324455719233207,0
0.002380987612166999,0
0.001111130891488326,0
-0.0011713909299865904,0
0.000830614728135653,0
-0.0010728791025630408,0
-0.0031312158831300245,0
0.0025131244160627006,0
0.0013259637429090434,0
-0.0010735694975461839,0
0.0007695219759417767,0
-0.0013480754463363416,0
0.0010740747059788526,0
-0.0013861584506330929,0
0.0029005633115377436,0
0.0018384339420073137,0
-0.0011720031393705475,0
0.0004904450390627581,0
0.002952653521712614,0
-0.000399124113899788,0
0.0019402521169679182,0
-0.0040771259363569625,0
0.002220145717279153,0
-0.0004224338532987785,0
-0.0020736393145832973,0
0.002426496459505674,0
-0.0037271108393206135,0
0.005355060573229326,0
0.0012896117845717335,0
0.001187827990068993,0
0.001685237985918584,0
-0.0033650333639896053,0
-0.0005212136860127245,0
81.48781748324843,0
-3.1127535122001686,1
-1.4514164409275765,1
-0.021521647914767343,1
-0.004434573034304173,1
-0.002282218645399249,1
0.0004259298237484672,1
-0.0052763366058151216,1
-0.0006532522704968245,1
0.0001663479794487637,1
0.0038945271750623757,1
7.074281722837665e-05,1
-0.0005352093566920887,1
0.002896796772592105,1
0.0025107626393217025,1
0.004101873547733905,1
0.004395945233671551,1
0.0017166581697920852,1
0.0005889541846570823,1
-0.0012079139676949705,1
-0.0017497304785643467,1
-0.001017796157097876,1
-0.001880605820540962,1
0.0011135974631425313,1
-0.0012369659927531195,1
-0.0017100607781112044,1
0.006187060611218496,1
0.0014591072938363472,1
-0.005107311630039914,1
-0.0005308595517661118,1
0.0006829226332319501,1
0.0005761510245875341,1
-0.0032488711029755248,1
0.002357255836947362,1
-0.0016229790512186425,1
0.0026672395499504824,1
0.0003211659953477139,1
-0.002879253115676092,1
-0.0005502067115611285,1
0.00024230010578080987,1
-0.00036753327445313434,1
-0.002239161211472801,1
0.002652284332767411,1
0.0010474866174901586,1
-0.0009003650066453614,1
-0.0014538210087684073,1
0.0027268602123157295,1
-0.0003076591211472672,1
0.0012637762992345365,1
0.005513885184896892,1
-0.0002313806570094798,1
0.00025308086855270603,1
0.0002952851294955922,1
0.004099478218671015,1
-0.002974680371218978,1
-0.0017667934778184753,1
0.0006459727750513354,1
-0.00023892550827773207,1
0.004683486035722999,1
0.0024434430166122337,1
-0.0015474729054587672,1
-0.00014102005738631911,1
0.0025305282489728933,1
0.0002812787438107566,1
0.002182945737137724,1
-0.0003063801991114344,1
-0.0018749356594499355,1
-0.0002467506792407421,1
0.0015991590101592102,1
0.005253895929856447,1
0.00012131823714788298,1
-0.0010057510699615984,1
0.0006318256625431291,1
-0.0008073653442353604,1
-0.0017110963740640482,1
-0.0014520317653120053,1
-0.0005818448390102325,1
-0.0013362474957079563,1
-0.003117584163500223,1
0.0002474655722370984,1
-0.0015966792257276438,1
0.0008449702065716593,1
-0.00220586952357189,1
0.0022041039479014095,1
-0.003851696869040467,1
-0.00028938297082993313,1
0.0006586504758133596,1
0.0026477764696647824,1
0.0007162051725117471,1
-0.00021710057919347773,1
0.00018276318840998766,1
0.00029410906374863156,1
0.001045683047016979,1
0.00447057698006179,1
0.0015264100826819715,1
0.00029447457800804776,1
-0.00032514886101395597,1
0.0032513751004808263,1
-0.001096488221673693,1
0.0028590857679025744,1
-0.0014060550679375926,1
0.00030484299975310956,1
-0.0032157317023508098,1
-0.005299189792433266,1
-0.00014388708737536442,1
-0.0029398785674046505,1
0.003752851862722688,1
-0.002236676787905694,1
0.0006992764325965198,1
-0.002856907418592327,1
-0.002903496323250587,1
0.002472329110293389,1
0.0004260543369024418,1
-0.0017817009248076148,1
0.00015412289516714776,1
-0.004231665886741437,1
0.004772798705319576,1
-0.002253665157515071,1
-0.004358228547049647,1
-0.0010452616987604215,1
0.0039308380453513736,1
-0.0015259038629718428,1
0.0008165156815486901,1
0.002169804993571722,1
-0.0017178782121193797,1
0.003660140999344349,1
0.0023204985187956226,1
-0.005616732758882415,1
0.0043580540922539684,1
0.0014710171903674922,1
-0.00431941546870154,1
-0.0017255751317042352,1
0.002496332114092019,1
-0.0023506231115008767,1
-0.001484846101785114,1
0.0012963814482023132,1
-0.0016873572555236034,1
-0.0023384783827482365,1
-0.0026789035989033517,1
-0.0009491630211887009,1
-0.0028660352489640237,1
0.0008193820512388849,1
0.001257226415348242,1
0.003430557636132131,1
-0.0012118174241503735,1
0.0003001698414950931,1
0.0007618994708470614,1
-8.049547625677332e-05,1
0.0017598612401989518,1
-0.0030381094152790392,1
0.0031841349036390663,1
-0.0003778963019111561,1
-0.00350911479596416,1
0.00013183696712567214,1
-0.0016553007519847693,1
-0.0018681479407424643,1
0.0011570123671044547,1
-0.0006316040381080029,1
-0.0011129026664915386,1
0.0003853874651698803,1
0.0038157117051918323,1
-0.0007852948166368901,1
-0.0037616188849031004,1
0.000410675797235407,1
0.001875761327449572,1
-0.00029575818164589556,1
-0.005281823019415153,1
0.009074238760578645,1
0.0016275937739259959,1
0.004850328235588037,1
0.0030524266308453265,1
0.0032272855725140556,1
0.002493297528923727,1
0.0030471324619558517,1
-0.00033866129981082344,1
-0.00301888331705982,1
-0.0019368135549937193,1
0.0008839676116724936,1
0.0014273329554493393,1
0.0021673117833846383,1
-0.0008604971013953835,1
0.0036205659957332034,1
-0.003153111210941429,1
-0.002544256457245275,1
-0.004320363775373374,1
-0.003946969039446063,1
0.001710869639877003,1
0.0007380332765919703,1
0.0005396049796760749,1
6.968880907493862e-05,1
0.00231231545332291,1
-0.000564433549011749,1
0.002143089720566825,1
0.00041140022532833235,1
0.0027397609555517553,1
0.0012123274347586564,1
0.0008453448423611458,1
0.00020209477765968274,1
-0.00011156737170995444,1
0.004203080165388095,1
-0.0008419541707070066,1
-0.0004078046187669038,1
0.00018864916052032602,1
-0.003502326427834199,1
-0.0004915482175653658,1
-0.003547865430036629,1
0.0010530546735240305,1
0.0024064234867225962,1
0.0038587094491960884,1
-0.0024183254218051687,1
0.00023974390271586327,1
0.002648405715268183,1
-7.313294115516855e-06,1
0.0012064057265556978,1
0.0008171125945000334,1
-0.0021625460704928143,1
0.0009320607608018544,1
0.0020180986735509397,1
-0.00044404739386137677,1
0.001721515228401109,1
-0.0024194016212717505,1
0.0012349193735682815,1
0.002914728733455862,1
-0.005578608404514376,1
0.0005238262859613885,1
-0.0028285524007652524,1
-0.0001763851090282839,1
-0.00025586632363080504,1
0.0013277374094563558,1
0.0028855790639052475,1
0.0014895934171786768,1
0.002799635642082278,1
-0.004434361967281139,1
-9.935184480646628e-05,1
0.0061895068076487075,1
-0.006052569141155646,1
-0.002809074683582657,1
0.0022517247793201346,1
0.000812747028829997,1
0.0005569157887659196,1
-0.0030794749873053655,1
-0.003314545939357429,1
9.662364324939224e-05,1
-0.0022131199280232055,1
0.0012662802593956359,1
8.205093277947877e-05,1
-0.003241628321133192,1
-0.005053688585632662,1
-0.0007241123723247821,1
0.0008710643503465452,1
0.0017427571535167537,1
0.0010442424857837493,1
0.0008727518470846886,1
0.007511943848734262,1
-0.00201891670180858,1
0.0014183758584849417,1
-0.00013408657685700775,1
-0.001765424175044875,1
0.0028558394691847924,1
-0.0007568991770755569,1
0.0017273757724710847,1
-0.003414987082351833,1
0.0017467757817419339,1
0.002779281813941045,1
0.0002889431957918663,1
0.0003153906358699563,1
8.131501936447506e-05,1
6.391641388678542e-05,1
0.00036869828132324637,1
-0.0010907063705670784,1
-0.0022619225449565044,1
-0.0014394753361570837,1
0.00017370812383548365,1
0.0024573336879560757,1
-6.67120237762351e-05,1
-0.0009235901718537741,1
-0.0018823915941840687,1
0.0012323479943102099,1
-0.0008622737561460716,1
0.0008492991136301312,1
-0.003465444459353557,1
0.005814799965925989,1
-0.00309489579931522,1
0.0009381002013996009,1
0.0013560691090318717,1
-0.0018938168607666188,1
-0.0028712117554863465,1
0.001949051085144052,1
0.008008771030126541,1
0.004348078168197481,1
0.0021745808550637756,1
-0.00021268827872079668,1
-0.002073568747747018,1
-0.003018837749620894,1
-0.0016145124674836902,1
0.003167386237067313,1
-0.001022086933907483,1
0.0012844519335886873,1
-0.0029818775252608847,1
8.251514862569833e-05,1
-0.002051625046623809,1
-0.0018950109381997969,1
-0.0016328581347116922,1
-0.00043587627843548287,1
-0.000691834933809058,1
-0.0005692420616028282,1
-0.0016562598515624156,1
-0.0021139176729716475,1
0.002662449903627547,1
0.003074644087018415,1
0.0006973445352850492,1
-0.0018651998927170955,1
0.0022936790499772084,1
0.0030343747767546474,1
-0.0015723792026582722,1
-0.0002671871480371071,1
-0.0008333903604190136,1
0.0011551028011046658,1
0.001356412516639354,1
0.00318550910327607,1
0.0014168073391578003,1
-0.0032917670421012154,1
-0.0006403440233520968,1
0.002199437376505141,1
-0.0007760861874828482,1
0.002179677202617968,1
0.001559676831555149,1
-0.0010362379977252355,1
0.0013109053076893282,1
-0.00036461581066738705,1
-0.002005302074317303,1
-0.0012416324227479197,1
-0.0003454777063193983,1
-0.001137447367649228,1
-0.00232172519839666,1
0.0007033871781153187,1
-0.0013872397826491078,1
-0.0009723165684928223,1
-0.0006671661980592722,1
0.003287571463094133,1
-0.004627055260819505,1
0.0017328454795124601,1
-0.0006760280312231349,1
-0.005838969145381076,1
0.0020205599596074078,1
0.0010891012988912157,1
0.0016207348708550348,1
-0.0023432930905543845,1
0.001959067669691454,1
-0.0025819761084114037,1
-0.0020683891692010016,1
-0.005112915713154553,1
0.002405271069222097,1
-0.000540658674377644,1
0.0011575925125793661,1
-0.0026138030910671513,1
-0.007375088469381058,1
6.237337190059641e-06,1
0.0012000719876605617,1
-0.0014216459750395385,1
0.0003325481990737789,1
0.000280044758397316,1
0.0011425153983529238,1
0.0016516011367748704,1
0.0003667185437294583,1
-0.003451502675656957,1
0.0025398526315519704,1
-0.0006625955399566923,1
0.0030704549829435757,1
-0.002114955992491634,1
0.004310987418096666,1
0.0021877724951648624,1
-0.001812043503117595,1
0.00335549923563133,1
-0.0035343001257577313,1
-0.0012554106149058458,1
-0.0013794897945366663,1
0.004182592768542116,1
0.00021811181360543853,1
-0.00011461260175118694,1
6.47749924967608e-05,1
-0.0005289775017563449,1
0.0018138149831886806,1
-0.0025329992042180784,1
0.00393278210101505,1
0.002029243444374982,1
-0.0035698739349946337,1
-0.00025321871242516594,1
0.00230218317527839,1
0.0012349643459478696,1
-0.0009233537869400334,1
0.0046366555364719345,1
-0.0003745974502081217,1
0.0026091404980895317,1
0.002763664922911263,1
7.878964982403378e-05,1
-0.002169339986718478,1
-0.002138155099246104,1
0.0036774622559703108,1
-0.0018593808802136386,1
-0.0004173560913245893,1
-0.0017552190971969065,1
0.0008810256628845664,1
0.00045139744467423903,1
-0.002294687002680076,1
-0.0031497173038324525,1
-0.0018192648830461689,1
0.0020251146043599286,1
0.0012209213133499968,1
7.663065562416504e-05,1
0.0018318123113391868,1
0.0016454954259664013,1
-0.003926195895559199,1
0.002046225753593614,1
-4.385063409071734e-05,1
-0.0006571933943160964,1
0.002634695516968224,1
0.0009227538885594415,1
2.8134320159309642e-05,1
-0.0022681095873653243,1
-9.993478395562058e-05,1
0.0007989516230574547,1
0.004724110954133505,1
-0.0021911508640044632,1
-0.000199353020818866,1
0.00037106085018831487,1
0.001525309256619827,1
0.0021548863654673803,1
-0.0010642290928509642,1
-0.002042685132576643,1
-0.005049827144864407,1
0.00429312623289043,1
0.002107301837736288,1
-0.0032157977303258127,1
-0.0034843396942463556,1
0.004953620380106761,1
-0.001694799845269334,1
0.0005470577517707084,1
-0.002054756366273851,1
-0.0013229961070498808,1
-0.0016501810622589715,1
0.00356359524611754,1
-0.001237702609398221,1
0.004242372834580785,1
-0.0019530586425349663,1
-0.0021376729199934015,1
0.001744134375995919,1
3.1472075779702384e-05,1
-0.002381662434170739,1
-0.00029092089286848093,1
0.0016970182888968361,1
-0.0011297889293864125,1
0.0008751454275324633,1
0.001965783530512529,1
0.0008001705039140203,1
-0.0002768053077998583,1
-0.0015164884554898863,1
-0.002626419631329873,1
-0.0015025175902823765,1
-0.0030638386813098906,1
-0.0015407951816277072,1
-0.0006018374520007793,1
-0.0006487720877714295,1
0.001333600090628658,1
0.0030303867312351123,1
0.006112886618757079,1
0.00180027192152744,1
0.0020474285969527876,1
-0.0032849719747643047,1
-0.00047863877211407405,1
0.0025751527638203224,1
-0.0033396925278785677,1
-0.0013991952637107037,1
0.0025867745596693027,1
-0.001790088614576315,1
0.0023705794859757295,1
-0.0029112369170610523,1
-0.00139182605135639,1
0.0007064922029383571,1
-0.000146559388886649,1
0.0035497929853576067,1
-0.0013547601909405273,1
0.0007131784021642018,1
0.0003343307895232868,1
-0.0002497956905683868,1
0.0018121246623195575,1
0.001521380831869237,1
0.002081698133749778,1
0.00011472280437509686,1
-0.0003995029488411977,1
-0.002050509081107695,1
0.001578192786616532,1
0.0008983224006149161,1
0.00048139862597677255,1
0.0001027248436581358,1
-0.0030112243297701112,1
0.002512481953830225,1
0.0023915419323464093,1
0.0002561337213638961,1
-0.003147243920347987,1
0.000259072444349232,1
-0.0027561184529261555,1
0.000887708279924004,1
-0.00038055169935740654,1
-0.002213994613007358,1
0.00112001274285066,1
0.00386723406179069,1
0.0015713546508702252,1
0.00752383595305962,1
-0.002393039327115225,1
0.0007406724789545732,1
0.0024232475472406177,1
-0.0004153510866846742,1
0.002207003913556699,1
-0.006933348605785957,1
-0.00017806081539386144,1
0.004522040447587582,1
-0.000544069014994129,1
-0.000455884670274387,1
0.0007670787062173924,1
0.003713054644307715,1
-0.0011170852571122634,1
0.001290119820236889,1
0.0051964310420859845,1
-0.0005396501344841444,1
-0.004241850656262494,1
-0.000535593065622402,1
-0.000377192211261717,1
-3.75705842400694e-05,1
0.0029878487873118095,1
0.002997174479350037,1
0.00025949608454121063,1
-0.004023257361884179,1
-0.0023804078951129757,1
-0.0017984795779822785,1
0.0012697475484006204,1
-0.003064723395925279,1
-0.0025489958955049056,1
-0.004074506696003268,1
-0.002890966617047175,1
0.0024550733281412805,1
-0.002141445961499413,1
0.005545264989928335,1
0.0013641664251440528,1
2.895220484675857e-05,1
0.0004788683562043275,1
0.005421926903547902,1
-0.005048630630961077,1
-0.0007402265736791952,1
-0.003257036151168795,1
-0.0024162336467772948,1
0.0015565722049037702,1
-0.0009181233884588926,1
0.003478249902518798,1
6.328617414374478e-05,1
0.0009200465427553784,1
-0.0015765155948779099,1
0.0011481377793646744,1
0.0018118377497317992,1
-0.0020817011583698533,1
-0.004610344930651397,1
0.006422007011264545,1
-0.0013542228987198795,1
-0.00028116128124810585,1
-0.00038059948481016984,1
0.001996319878352291,1
-0.0026339719388076277,1
0.00031173774869170404,1
-0.0017291313706351008,1
-0.00020013492941743823,1
0.0013001460297307433,1
-0.0008304492285228691,1
-0.002144540982078971,1
-0.0005104960374758775,1
-0.00884500913171579,1
0.00024276260130503679,1
-0.0019565345105402436,1
0.00037809131134934745,1
0.0007571979362528997,1
-0.0009774327402184983,1
-0.00020171854381529773,1
-0.0002872187779410095,1
-0.0035766060096679947,1
-0.002634922178902632,1
-0.0018422234352527965,1
-0.0010085897187866305,1
0.008604929202555177,1
-0.0015786782334497043,1
0.0001817744001299393,1
0.0027966116188079685,1
0.0004338426613704812,1
0.0022213323502149177,1
0.00227391757404511,1
-0.0008106517805392402,1
-0.001547402891368114,1
-0.0018104146803118195,1
0.002031017229049197,1
-0.0015238518397456726,1
-0.0014123060438969233,1
-0.003433743451098042,1
-0.002481847725580304,1
-0.0017544731186319945,1
0.001998373705295341,1
-0.00031840665773450746,1
0.002807347255316042,1
-0.0028436874118779997,1
0.0025621231369952944,1
-0.0005770749361523461,1
-0.004885937352346073,1
-0.0009237808946033074,1
0.0009594234759474156,1
0.004114724686228561,1
-0.0009006312905723354,1
-0.0011059593860915046,1
0.001635002848794358,1
0.002019881754465346,1
0.0024908907150631657,1
-0.0008717549939630984,1
-0.0026959690553907097,1
-0.0033555776365481417,1
-0.0034289224538770085,1
-0.0015923332629924224,1
-0.0009561952560163468,1
-0.002133402035541339,1
-0.0005218273019847171,1
-0.00042113084566256057,1
0.0012536610238571718,1
-0.001355773838188491,1
0.0033319489780906544,1
0.0014146668461818578,1
0.0013240300720767102,1
0.0018889251670436936,1
0.0012816376983314092,1
-0.000538426532760262,1
-0.0006363493670693978,1
-0.0006583034235285075,1
-0.0006937927738210666,1
-0.0013339400563181585,1
0.0007124208729179322,1
-0.0029080385278811415,1
-0.00019660055750361685,1
-0.0010357454902514974,1
0.00263858100461545,1
-1.0985206645655076e-05,1
-0.0006799915622186364,1
-0.0008107907715964013,1
0.0014737891319621355,1
-0.002732120084314882,1
-0.0009370849204730242,1
2.3131587089300873e-05,1
0.0013847034077039816,1
-0.002964956029750668,1
0.0006484902878147999,1
-0.001999074999601462,1
0.0017189132754636188,1
0.0019493143305219095,1
-0.002846298451539169,1
0.0036914757699239666,1
0.0005513696774316658,1
-0.00023033802513700927,1
0.0012313488076618497,1
-891.8602137505235,1
-888.9312573286415,1
-886.0052562958113,1
-883.0804225693814,1
-880.1626861288914,1
-877.2371183685922,1
-874.3172071292981,1
-871.3992899769373,1
-868.4796024524567,1
-865.5600007078235,1
-862.6475694226898,1
-859.7328371547726,1
-856.817187135381,1
-853.909655185049,1
-850.9980824965875,1
-848.0934300651785,1
-845.179554794978,1
-842.2809164352803,1
-839.3809417742519,1
-836.4709801486745,1
-833.567228380589,1
-830.6739749656972,1
-827.7674578834861,1
-824.8778603694881,1
-821.9842348629701,1
-819.09199300725,1
-816.202269332261,1
-813.3097333826947,1
-810.4179144534199,1
-807.5292766697871,1
-804.6507077059769,1
-801.7545523532971,1
-798.8854330692834,1
-796.0019271100633,1
-793.1187942866339,1
-790.2433814880831,1
-787.3626569872108,1
-784.4917211511967,1
-781.6091427098008,1
-778.7426268914827,1
-775.870835272659,1
-773.0003941545384,1
-770.1386065981853,1
-767.2705012736361,1
-764.4105857504982,1
-761.5429625992638,1
-758.6783842293561,1
-755.8182498793714,1
-752.9612555303528,1
-750.1107033134192,1
-747.25095697276,1
-744.4008409602628,1
-741.5509620747563,1
-738.6964954808734,1
-735.8487991262845,1
-732.9980043135967,1
-730.1601644537947,1
-727.3077733450826,1
-724.4707074032683,1
-721.6312240313387,1
-718.7866731977733,1
-715.9615609135741,1
-713.1244341508321,1
-710.2914956316571,1
-707.4607098597451,1
-704.6272942183791,1
-701.8007478806073,1
-698.9686566827039,1
-696.1389779819847,1
-693.3201513137939,1
-690.5000899187646,1
-687.6743506376176,1
-684.8671687862778,1
-682.0393476727363,1
-679.2299528386303,1
-676.4089698920702,1
-673.6062172837084,1
-670.7924572671398,1
-667.979280520805,1
-665.1763521165879,1
-662.3697137275897,1
-659.5686871143698,1
-656.7709250552647,1
-653.9696008371496,1
-651.1672254225234,1
-648.3724785046353,1
-645.5817878470465,1
-642.7933295232563,1
-639.99658068645,1
-637.2088774507231,1
-634.4218550124605,1
-631.6352356586863,1
-628.850041257052,1
-626.0712539048814,1
-623.2895742891217,1
-620.5114354949758,1
-617.7235429717925,1
-614.9613031472046,1
-612.1791220590262,1
-609.4082447217899,1
-606.637973613874,1
-603.8818656404721,1
-601.1064226641602,1
-598.3508343311141,1
-595.5882051276519,1
-592.8303663349624,1
-590.0699389419848,1
-587.3123209197321,1
-584.5597937961993,1
-581.8124204617706,1
-579.0498456968382,1
-576.311630198022,1
-573.5601435265532,1
-570.8096236120631,1
-568.0708569872321,1
-565.3313759689411,1
-562.5883436904726,1
-559.8583686716065,1
-557.1219318103252,1
-554.3888507896121,1
-551.6582776128311,1
-548.9319695310937,1
-546.1964384640411,1
-543.4690910802123,1
-540.7524037158515,1
-538.0261178303466,1
-535.3099708044796,1
-532.5885608133013,1
-529.8791827577973,1
-527.1676029142375,1
-524.448010240883,1
-521.7370298003547,1
-519.0446007816403,1
-516.3248824164987,1
-513.6298794527819,1
-510.93077282636915,1
-508.2295808134683,1
-505.531297804914,1
-502.840451735707,1
-500.14440364278914,1
-497.45888872778625,1
-494.7651529775911,1
-492.0795319705874,1
-489.3968771436711,1
-486.7186227425438,1
-484.04220816122546,1
-481.3617194295316,1
-478.6823653696028,1
-476.01192582878366,1
-473.33506624179904,1
-470.66827530391987,1
-468.0000966970314,1
-465.34144900667775,1
-462.6807105440558,1
-460.02170515776936,1
-457.35748253493256,1
-454.69403635642135,1
-452.05585877555563,1
-449.4016566880915,1
-446.7481978893483,1
-444.0990621770722,1
-441.4589506208587,1
-438.81872954711827,1
-436.1792168508485,1
-433.5443254476616,1
-430.91029380742935,1
-428.26695898926863,1
-425.6411348045533,1
-423.01677474524195,1
-420.38934567924406,1
-417.77063439777913,1
-415.14444776077397,1
-412.53127788456004,1
-409.911142004505,1
-407.3031780368976,1
-404.69126105638367,1
-402.08004148429455,1
-399.46862885335196,1
-396.86890492707454,1
-394.26678192666583,1
-459.33067393948016,1
-405.0910397272819,1
-402.3811090252216,1
-399.6717685433756,1
-396.9664477145033,1
-394.2687991796456,1
-391.57141584866105,1
-388.8687652300644,1
-386.1770279065857,1
-383.48079957425824,1
-380.7857465063055,1
-378.09732469034003,1
-375.42191214370985,1
-372.726339457191,1
-370.0494542149758,1
-367.3733196765152,1
-364.6902889978327,1
-362.0110097379229,1
-359.34219160066226,1
-356.6579058966452,1
-353.99674753947545,1
-351.3197297094498,1
-348.6608054543267,1
-345.98764075557483,1
-343.3265788214031,1
-340.66621915836913,1
-338.011375653792,1
-335.35033656626155,1
-332.69992687855165,1
-330.05051185025195,1
-327.4018059013455,1
-324.74672446021583,1
-322.0987936685087,1
-319.4620186363736,1
-316.8211793925644,1
-314.18093822160677,1
-311.53618044559363,1
-308.90849081798245,1
-306.2749314678526,1
-303.6397774430988,1
-301.0115079137006,1
-298.39230878232314,1
-295.76005561201214,1
-293.136487286093,1
-290.5216681976608,1
-287.90164901293485,1
-285.28855999081753,1
-282.67104901417196,1
-280.0651525932679,1
-277.45185194280975,1
-274.8517998325778,1
-272.2431172809507,1
-269.6395141709688,1
-267.04162342874184,1
-264.4350474780934,1
-261.8399829202668,1
-259.2509546685773,1
-256.65880977644883,1
-254.07007417732882,1
-251.47949733869936,1
-248.90365173280208,0
-246.31020907432048,0
-243.7303779977419,0
-241.15081254824153,0
-238.57916871605013,0
-235.99927018550943,0
-233.43031243962741,0
-230.86125010473248,0
-228.28975984157518,0
-225.72504671604293,0
-223.16023657141338,0
-220.60319113104046,0
-218.0415197773207,0
-215.4802781292482,0
-212.93052182931868,0
-210.37641680576994,0
-207.8171838794386,0
-205.276481329615,0
-202.7286459974185,0
-200.1828461822495,0
-197.63929801482945,0
-195.09957988846242,0
-192.55703224349745,0
-190.01927418370244,0
-187.4885127512865,0
-184.9607215872266,0
-182.4318669515276,0
-179.8995472968124,0
-177.37065902565413,0
-174.84051981202185,0
-172.31841381840513,0
-169.79877673734345,0
-167.2820370266679,0
-164.76357214149505,0
-162.23664007466468,0
-159.7265221456453,0
-157.21515495307614,0
-154.6997104548127,0
-152.19102847478547,0
-149.679057328362,0
-147.17111713231884,0
-144.65961654709508,0
-142.1472585027333,0
-139.6507724611464,0
-137.13786948134344,0
-134.64110294407521,0
-132.13842565352886,0
-129.63083517090885,0
-127.13102723809932,0
-124.62391168409226,0
-122.12068679239628,0
-119.62064093551714,0
-117.1138535207896,0
-114.60974477529084,0
-112.1141963310223,0
-109.60440766068614,0
-107.08885043139391,0
-104.57988034005905,0
-102.0683400569944,0
-99.55919067295356,0
-97.03839830064838,0
-94.52165917971872,0
-91.98972449974225,0
-89.45756094324608,0
-86.93245840418093,0
-84.37972013675551,0
-81.83259700906083,0
-79.27217710361218,0
-76.69847956775577,0
-74.11014355853898,0
-71.51196896490814,0
-68.89626639460056,0
-66.26717260695365,0
-63.608349967632975,0
-60.92252312467171,0
-58.194248635750654,0
-55.439352761646276,0
-52.62177767891073,0
-49.71898464535143,0
-46.87000218280327,0
-44.14669937396114,0
-41.55280183276183,0
-39.05992373668316,0
-36.678171279678146,0
-34.39996513173971,0
-32.223570202305794,0
-30.137504068116698,0
-28.149859298827504,0
-26.26113514319763,0
-24.45161477978885,0
-22.73841652348831,0
-21.119495653744234,0
0.00045076842610176974,0
0.00038473089711137896,0
0.0016257776645328323,0
0.0023162179006422827,0
0.001423594352087902,0
0.0011131316992600798,0
0.0026384406998590636,0
-0.0008515737106330148,0
-0.0034031175454353455,0
0.0012235601869780499,0
-0.0034869041252916723,0
-0.0014708594315094457,0
-0.0023846139705282917,0
0.0012748526781318859,0
0.0010402236341405398,0
0.0015260082457312662,0
0.0025933384285832654,0
-0.000983317227499829,0
-0.0035617867344428433,0
0.003942042081618554,0
-0.001364468049461105,0
-0.0034163413825696208,0
0.00023839640545296773,0
-0.0003265455923835148,0
0.002279645005562686,0
0.004862188549544002,0
-0.001967299810606503,0
0.003871179761832861,0
81.48854170166749,0
-3.0816799479046506,1
-1.4612324744012202,1
-0.061690433023138175,1
-0.009589608323912964,1
0.0018679320035636998,1
-0.0012591554960474799,1
0.0012609962930197238,1
0.0015911542394492226,1
0.0014310996324468372,1
0.0006652211483108167,1
0.0024582404391171844,1
0.0016379783186819218,1
-0.0004103024642846242,1
-0.0026001479205348317,1
-0.005460075558458661,1
0.0005239815644342737,1
-0.00018375380723837582,1
-0.0004025205907434107,1
-0.002698765017989854,1
0.0011699585297359504,1
0.0018613918338551507,1
-0.0005951670324514469,1
-0.0014448276526207143,1
-0.001978914837383878,1
-0.0046226369826987265,1
0.0021681212826958774,1
0.0010353528050806805,1
0.0031606177029832798,1
0.0006063843210819162,1
-0.0012047786141112999,1
0.0017252296618253797,1
0.002357229950473382,1
0.0005769514899686883,1
-0.0026013567838339144,1
0.004463586967897573,1
-0.000303913663498559,1
-0.0007629243105758855,1
0.00012765583618299395,1
0.003711102475930305,1
0.004770147989528639,1
0.003642020253858224,1
-3.255034203711528e-05,1
-0.00105227429786486,1
0.005124988079948124,1
-0.0005449914558634717,1
0.0020105059646680318,1
0.001223664970142751,1
0.0023358242004673916,1
-7.213519548432629e-05,1
-0.0011233831354781588,1
0.0013492064022718098,1
-0.0027135520656009567,1
-0.00028993063394674014,1
-0.0004626308221445341,1
-0.0009836239920190204,1
-0.002210088852730271,1
-0.0034222554773283287,1
0.0030270718321546795,1
-0.00039077584641863066,1
0.003411026225747506,1
-0.0005342176705451029,1
0.00239799326746624,1
-0.002524877174977787,1
-0.0003931424952700313,1
-0.004019278294112991,1
-0.0016651590701208551,1
-0.0005119737390256501,1
0.003959498089388527,1
-0.0025944435991402215,1
0.0009228049750686696,1
-0.00019718336651273672,1
0.0013917062908797681,1
-0.00036599140097887676,1
0.004198095724421512,1
-0.005150646731935223,1
-9.614524966163533e-05,1
-0.002093500937310753,1
0.00483825968817265,1
0.002462095625076471,1
0.00038811189947596253,1
-0.0027148828233536154,1
-0.0009068441156788806,1
-0.003245703825971078,1
0.0008329012721314618,1
0.0005412841436946149,1
0.0001757499061924657,1
-0.0003114786399159028,1
-0.0002421507455635863,1
0.0014899073545184243,1
-0.0009653061015622921,1
-0.0005719492609672921,1
-0.00043623067793091037,1
0.003200542492716991,1
0.0037662638187355526,1
-0.0001341215711802624,1
0.002041222797376586,1
0.0024650166584567167,1
-0.0009272251363034458,1
0.0035956804822608883,1
-0.0013756696647413782,1
0.0014579360032292183,1
0.0012869813746689167,1
0.004363558205885208,1
-0.0005830566307408096,1
-0.0013726500582989716,1
0.0001627808305047121,1
9.509433847604973e-05,1
-0.004067472953783166,1
0.000610213954086251,1
0.003873150545585501,1
-0.002393312466667338,1
0.0010766602443079147,1
0.0034950563833389655,1
-0.0009994631564824935,1
0.0035394906187138442,1
-0.0036908043816873833,1
0.002219459858012531,1
-0.000377991724739498,1
0.0016337248463598364,1
-0.000772010518077061,1
0.002811987389088593,1
0.0022326587976819754,1
0.004266102868882726,1
-0.0014598889507518244,1
0.0009275605834542642,1
0.004725083281065248,1
0.0008320681153701001,1
0.0028831293846216456,1
0.001506445143684284,1
-0.003774297089919268,1
-0.0017712961992240462,1
-0.0010534051404454158,1
-0.002049283356245688,1
0.002297455514234086,1
0.0007136228924488566,1
-0.003954939000778345,1
0.0031819468530204435,1
0.0018741378719918616,1
0.0023787140086212063,1
-0.00032654444830847455,1
-0.0018607251783716416,1
-0.004814587138956767,1
-0.0015310304937045777,1
-0.0017078417516205144,1
4.977640843072568e-05,1
0.0022012317478303433,1
-0.0017698810827713276,1
0.0009162487928528969,1
0.00028644658850783577,1
-0.0011237373036717525,1
0.005419894524542483,1
0.003091790345757183,1
-0.0019316989531113764,1
-0.004220620929438875,1
0.0027296541884012327,1
0.0020770354319186364,1
-0.004706278652832129,1
7.953504676233939e-05,1
-0.0010272338272548592,1
5.5728243254793444e-05,1
-0.0013523322615796992,1
1.0362150472225546e-05,1
0.0008416683302187623,1
-0.000986987177346035,1
0.0030877995940977614,1
0.0034347608391540403,1
-0.0015408477488585987,1
-0.0024498898502893856,1
-0.0012573541363891524,1
0.0027567361902414464,1
-0.0029655138234964337,1
0.0006616903757270768,1
0.0011529541094655047,1
-7.652246667967274e-05,1
0.0019239072392226062,1
0.0035087426309521512,1
0.0010013562255620015,1
-0.004243008395819696,1
-0.000809651437563238,1
-0.0005317750758980105,1
-0.0017399726752745353,1
-0.0013000563436666348,1
0.0023944866532980814,1
-0.001033696058559877,1
0.00033302393768459924,1
0.0019475450363865944,1
0.00016620363451461627,1
-0.00022545988417345002,1
-0.00023751406314383977,1
0.00038713886687741504,1
-0.0022280283245575284,1
-0.0013700118607199096,1
-0.001994755472244804,1
0.0006723334428703769,1
0.0020878235189655276,1
0.0016635889144187462,1
0.006209300080041958,1
-0.0023014167115812446,1
-1.9490185989467715e-05,1
0.002120033412763949,1
-0.0016084979489329452,1
0.0005436406415605905,1
0.0025726944396370537,1
0.002038408581862984,1
-0.0015565749496129838,1
0.0011402020801976952,1
0.00022679016176011183,1
0.001209457007478971,1
0.00523912962565829,1
-0.0013922317770885685,1
-0.00020838757775960295,1
-0.0041111049163483114,1
-0.003062369100499085,1
0.0007259984942167427,1
0.0019338099977291975,1
0.0015114129533339896,1
0.004523364714804638,1
-0.0022328930876714683,1
-0.0008598833112225433,1
0.0014591557730119927,1
-0.005554489594798325,1
0.0035612221588555188,1
0.0020151782454189806,1
0.005037713404308065,1
-0.00044384579120085706,1
-0.0016250335574653752,1
-0.0004773563313193431,1
3.552950335747378e-05,1
0.005839491207659654,1
0.003998077602046703,1
-0.002077943712429281,1
0.0007406699693202248,1
0.0036795327017045717,1
0.0022895430084450587,1
0.003718265456640194,1
0.0036301027916786277,1
-0.0016691921775205476,1
0.002450167584787474,1
0.0019174023840151941,1
0.002670774543389779,1
-0.002845341696335944,1
0.000159864406007238,1
-0.0013587599895181464,1
-0.002943000350932817,1
0.0006320072691296762,1
-0.0042012612662048,1
-0.0033160021963639656,1
-0.00049798023398708,1
-0.0011825559483883404,1
4.551851754931739e-05,1
-0.0015016278255886618,1
0.0025308019407608473,1
0.002002005840592164,1
0.00106229208795935,1
0.0032991266387159502,1
-0.0024616290242348658,1
0.0005505502431550805,1
-0.0019527096375225052,1
-0.004966571088666043,1
-0.00036879091282747997,1
0.0015007293840431132,1
0.0010819268532617679,1
0.0015597312735743478,1
0.0021584406544112515,1
0.0016783210847460426,1
-0.0012572054188045455,1
0.0009319633509257041,1
-1.1591998756239565e-05,1
-0.003040708736589503,1
-0.002763313620769245,1
-0.0007827965821901049,1
0.001272644314036443,1
0.00014595766273729893,1
0.0015295948923216593,1
-0.003543220062212997,1
-0.0014785317747780615,1
1.4874253739583505e-05,1
0.0021665273438295396,1
-7.42631083503767e-05,1
-0.003313115666637963,1
0.00048658098218293315,1
0.0010411207390645543,1
0.0004299765941292572,1
-0.002526288074074308,1
-0.0009852129896801693,1
-0.0014906968201329484,1
-0.0054246798183541865,1
0.000617876699142584,1
0.00030487262966657564,1
-0.0019489884803954374,1
0.001181191177012234,1
-0.00030310652707220926,1
0.0023645053326960094,1
-0.0006182907736404466,1
-0.0029972983920468783,1
-0.0020941295446465437,1
-0.0017984631294142457,1
0.0005831647630596272,1
-0.002839853810461939,1
-0.0012091717924683008,1
0.0037565049054610303,1
-4.616255234778715e-05,1
-0.003167873427074382,1
-0.003923141982762664,1
-0.0019175815776432891,1
0.006852199859742749,1
-0.0009179574126102617,1
-0.0009206558619336955,1
-0.0015729568545901917,1
-0.004040829819144915,1
-0.00027783176174379204,1
-0.0022231490249509157,1
-0.0016605331439918296,1
-0.0001834464291914405,1
0.002659168211616808,1
-0.0013596855461211826,1
-0.0008207321595375843,1
-0.0030265993154505264,1
-0.0016952260053299394,1
-0.0009974650845364949,1
-0.0031925215324460627,1
0.0016205634506140287,1
0.00146649500666284,1
-0.001657961674319603,1
0.0020031047947351357,1
-0.001915578710428058,1
-0.00024914869586833104,1
0.0014636520422033814,1
0.0020381632101106537,1
0.001396377817878808,1
-0.00036838546331216163,1
-0.0011411438785531838,1
-0.0015737975045474685,1
-0.00384498367063581,1
0.0008671295340209717,1
0.0007100215539334076,1
0.003437754820253991,1
0.001363422564610644,1
0.0030005826201066664,1
-1.0448877716516554e-05,1
0.0020108724455237246,1
-0.0026385910611356474,1
0.0017218852236286733,1
-0.0030377468683621634,1
0.0023311636439672227,1
-0.0027457961004247024,1
0.0017496029920163094,1
0.0019331665349450148,1
0.0005163090278871719,1
0.004449244914674833,1
0.005352704854902075,1
0.0008392892811414172,1
0.003966480216273805,1
-0.0003066340061722738,1
-0.003291432727864772,1
0.00014172330931210586,1
-0.0016645389184977218,1
0.0012652031663142067,1
0.0006698324115807328,1
-0.0019157831479594157,1
-0.0009243643577354964,1
0.005999185513926359,1
-0.0016633998924817854,1
-0.003658165532627607,1
0.002483405254862569,1
0.004640834534836811,1
0.000860153589919371,1
-0.000532667975922175,1
-0.0004895645705493082,1
-0.005128096880765048,1
0.0020983287688106666,1
-0.00022915940343924714,1
-0.0059310339160094615,1
-0.0016761370844347967,1
-0.0030273021431064637,1
0.0024990521049991126,1
-0.002089396913438594,1
-0.0008294714405052424,1
-0.003471967472958072,1
-0.003819687489624482,1
-0.00046041990551225063,1
-0.0011370051492444046,1
0.0008602442136040939,1
-0.0007088136906009763,1
0.0031696346405752037,1
-0.0037361132701912835,1
-0.0008449205685156167,1
-0.0022583975237835743,1
-0.0003997733082544924,1
0.002940262126388663,1
0.0028730432800254516,1
-0.0033352588583750397,1
0.00352452074591343,1
-0.0007978705194569744,1
-0.003282579713285605,1
-0.0033903039880764808,1
0.004039552671228827,1
0.0034585812138521097,1
0.003269197183589025,1
0.0016456111514954557,1
-0.001252289658180986,1
-0.0017743293878451274,1
-0.0025279832374018375,1
-0.0011767198788481834,1
0.0007576399026029665,1
-0.0016740848551747669,1
0.0025281811937612557,1
0.0009130379955815636,1
-0.007545122397724329,1
-0.0027594308077849255,1
0.0011860599642957539,1
-0.00159053167902284,1
0.0012468417063135596,1
-0.0020608345484716445,1
0.0006278324529320536,1
0.002097743391680906,1
0.0016803265817509148,1
0.0002684952996917256,1
0.002937540921143665,1
0.0019366180340960003,1
0.0009840868756274628,1
0.0011454195023122393,1
0.0018019806076869538,1
-0.0001824988618070798,1
-0.0010122542909592523,1
7.69573265276478e-05,1
-0.004827672031945727,1
0.0026510440189663653,1
0.00039641443941009256,1
-0.0010701034806449732,1
0.00253336335860335,1
-0.0018681852185538294,1
0.002736685503351291,1
0.0001861075183859138,1
0.004436730544075284,1
-0.0014999201608472414,1
-0.0016607993530530375,1
0.002029124965827383,1
0.0017934364550139686,1
0.0006657308928500448,1
-0.0027857489655554856,1
0.00022262935818381807,1
-4.530469932169162e-05,1
-0.002230208899547273,1
0.002659085865762496,1
0.00026165423549811265,1
-0.00037782845379759876,1
0.004359459908406769,1
0.0014660534896963507,1
0.0016201770908103365,1
0.0005949873050883067,1
-6.747605694862965e-05,1
0.0002485474649423296,1
-0.004810763809776565,1
0.0006655186303415508,1
-0.0016204821371835214,1
-0.0003354293661220084,1
-0.0034519291540678816,1
-4.648378026269832e-05,1
-0.003617392497120198,1
-0.005760443425306588,1
0.001863303048584419,1
-0.001349890036280836,1
0.0027623510715057207,1
0.0026197716657950973,1
0.0011304364816817133,1
0.003150266255586069,1
-0.002867087189235281,1
-0.002833961173979135,1
0.0009070963923848111,1
0.0015293941449909506,1
0.0019132527917640786,1
0.0007276037789516715,1
0.0027956988875455827,1
-0.00012487338443194478,1
0.00024659805472994074,1
0.000905540355273308,1
-0.0029408059812049436,1
-0.0015540058769537726,1
81.48753282844622,1
-3.099082799823139,1
-1.4497828889256554,1
-0.19943615917570523,1
0.0031058609076586455,1
-0.0007704201836525602,1
-0.0005911460275413842,1
0.0020943930484535827,1
0.000951068275505092,1
-0.002526460536727238,1
0.002159070838934108,1
0.0020361005863073064,1
0.00378734210805794,1
0.0009358870147561171,1
0.000866637788255198,1
-0.00014308187709188372,1
0.002171325458930046,1
0.002254151037443963,1
-0.0006953889585747936,1
-0.00443838012612393,1
-0.0023561461149708275,1
-0.00407595127822812,1
0.0016831060058882061,1
0.0013240947710088412,1
-0.004369182721096507,1
0.003369522248894945,1
-0.002242730095025375,1
-0.003160781217669121,1
0.0023459816974294896,1
-0.001623602950417843,1
6.469007908371094e-05,1
0.0018330107790203256,1
0.002831492448415119,1
0.003518728039899286,1
0.0006268523376756107,1
0.0010645938130898589,1
0.0031610277908659242,1
0.0023752815916896837,1
-0.003847734721633567,1
0.0013461376025818484,1
0.0020717076384792125,1
0.0031403745075382836,1
0.0026714615310763673,1
0.001013939433678208,1
-0.003942532801137614,1
0.0072943844175354065,1
-0.005285938385692538,1
-0.004395426013538949,1
-0.003048947453850752,1
0.0014343459450046024,1
-0.004285075657123539,1
-0.0035778551970578705,1
-0.0034349784758335665,1
-0.0018978095755268155,1
-0.002628857088272114,1
0.0014794937599605686,1
0.0012902002494825434,1
0.0006718780314160016,1
-0.0030061871824654425,1
0.0031895633622313563,1
-0.001671006020679795,1
0.0008468233177363595,1
0.0007809177516319953,1
0.0037114610838683373,1
0.001769757460473285,1
-0.005026332897117331,1
0.00030542951504410537,1
0.0006411482870388096,1
-0.00043423515376199423,1
0.0052603779859788724,1
5.503826844039099e-05,1
-0.0033235364362429664,1
-0.0023584685591172623,1
-0.001854742342672468,1
0.005147956993729554,1
0.002327902721683672,1
0.0043323639418597435,1
-0.003717990371323322,1
0.0010416240685367296,1
0.001727334691130586,1
-0.00189956293286169,1
-0.001116117664779398,1
0.005076325556555268,1
0.0007118005745776922,1
0.0030101455256126477,1
0.00014480549430618577,1
-0.0002819599287501162,1
-0.0026981686199598403,1
-0.002185037432931951,1
-0.002880088344161186,1
0.002846968278178042,1
-0.0012534914814959128,1
0.002044038754446233,1
0.0033366514114833465,1
-0.0007531886414075836,1
0.0006149509069230901,1
-0.002596176817656697,1
7.881806841523285e-05,1
0.0010702193925736533,1
0.00015212750775599394,1
-0.002064781745886206,1
-0.0007209276640299436,1
-0.0019065386129367707,1
-0.0021593081719716765,1
0.0007669317023824842,1
0.0006915798958593164,1
-0.000871328907763464,1
0.0028586023984253253,1
0.0018712477535346697,1
0.0008433212295240247,1
0.0007790863344642109,1
-0.0008277045527845569,1
-0.0034527880248368704,1
-0.0047468093587654135,1
-0.004053700734498434,1
-0.0012028822822893347,1
0.002368133674345338,1
-0.002850980454950451,1
0.001298150372248666,1
0.001209680347587863,1
0.0012165846656076063,1
0.0005503312809005728,1
0.004711909322205752,1
-0.0020337915586604665,1
0.002352620793443979,1
-9.94094539234408e-06,1
0.0011511136058350842,1
-0.0032759421143102713,1
-0.00092253902570904,1
-0.0010759284733326483,1
0.0008386328396730376,1
-0.0011921991016732626,1
0.0002946450683160855,1
-0.001935660087864292,1
0.00299205066130269,1
0.00289573594876664,1
0.0012339189445825076,1
-0.0013494472536005762,1
0.0006752851764302754,1
0.000960194329653092,1
0.0025572237455521733,1
0.001986203243191965,1
0.00022749046160703705,1
0.0001023762932118905,1
0.0019286392418788327,1
0.0005462293750700208,1
-0.003014282977162358,1
-0.0019039026691346998,1
0.0032948953950852,1
-0.005977296986101979,1
-0.0018375928212701032,1
-0.0010850861064353597,1
-0.0007754604273029216,1
0.003704411307430044,1
0.0005217784359051122,1
-0.004215266463888712,1
-0.002885662683611681,1
0.002064194749227811,1
0.004376318173251059,1
-0.006359477031014353,1
0.0004608671127806245,1
-0.0021506984775196067,1
-0.003393909683406149,1
-0.005464010632987043,1
-0.0012291457359474025,1
0.0013002556828703414,1
-0.0020702985266525765,1
0.0027576058619193035,1
0.004615578613498524,1
0.0023557024337651535,1
0.0010223558690440734,1
0.0025595919191124814,1
-0.0013396620673378696,1
6.535119956438688e-05,1
-0.0018778902308539233,1
0.002558628057609964,1
0.0017391419435587262,1
0.00023731502823244594,1
0.0024764783709005944,1
0.0026595409306197594,1
-8.266214300955024e-05,1
0.0015429129487721776,1
-0.0008167303353387791,1
0.0024790933929957435,1
0.0007532244508900046,1
0.0016772097721843638,1
-0.0012736928440073413,1
-0.00028931163398526115,1
0.0017359200783974643,1
-0.001091083123011302,1
-0.0016193420443021108,1
-0.002449971177840612,1
-0.0005895168132159272,1
0.0019305383754305927,1
-0.0010799955231874713,1
-0.0006454404924099027,1
-0.005232412765556072,1
0.0016921472547184394,1
0.0004863595447516702,1
0.0033885074188445582,1
0.0028250465586495046,1
0.0007060018145940996,1
-0.0004368879283299991,1
0.0004290496440965128,1
0.00022530405737721933,1
0.0008409804734141191,1
0.0009860405795079738,1
-0.0032254578964142615,1
-0.0010618956623193432,1
0.002449755167871115,1
0.0007487886281794115,1
-0.0015157798531638287,1
-0.0004146294962089362,1
-0.00024636738676260935,1
0.0026539507637634695,1
-0.0028378669216160553,1
0.00029113848889439397,1
-0.0003117218520561339,1
-0.0005934355024098036,1
-0.0002606263367774837,1
-0.005842797288889456,1
0.0015871355391331773,1
0.001193056775266494,1
0.00010334486082743392,1
-0.0009834593338443986,1
0.0017719433587800502,1
-0.0028647411155047226,1
0.004453815132001199,1
-0.0008433189065679132,1
-0.0015726657463014345,1
-0.004254727712475262,1
-0.002975628866251658,1
0.0013197930570379571,1
0.0019052669363247786,1
-0.0019435408806806318,1
0.0005649329268057986,1
0.0033135922003373567,1
-0.0008867221154883272,1
-0.0007971656681582646,1
0.0015997286807362618,1
-2.4070705633522433e-05,1
-0.0007347604631704158,1
0.003523446085748976,1
-0.00037324173484472913,1
0.00011289321737168911,1
-0.0005807577566780759,1
0.002288963720021208,1
-0.0036933200276689773,1
-0.0005453711965613297,1
0.0019104493000002502,1
-0.0005075251490582458,1
0.00037595264148644576,1
0.002723403700833676,1
-0.0006293079310737284,1
0.003389568500424747,1
0.0009393178472904947,1
0.0010442140570227968,1
0.0034027979746439467,1
0.001481900348910047,1
0.0022909252585761883,1
-0.00013494970092137995,1
0.0007673233265013331,1
-0.002695043787582537,1
-0.0004911468093815722,1
-0.00042540029009089866,1
0.00012805701787668068,1
0.0012469994410073215,1
0.0021506161352966542,1
0.0005835095357233097,1
0.002529407298943824,1
-0.00502445837003352,1
0.004376405142129821,1
0.0031704728343139896,1
-0.0034658127709844815,1
-0.0003192451391066337,1
-0.0025158463603247604,1
-0.0033715372293814006,1
-0.0008485882613998649,1
0.0005252944593488432,1
0.00010723686887666242,1
-0.00395808852525378,1
-0.005867242852002471,1
0.00042010367612537125,1
0.0038831407080171998,1
0.002627722364131819,1
0.00241069722050931,1
0.0003020393378446462,1
-0.0025530104483160224,1
0.000363675606973182,1
0.003569192230496099,1
0.0031160452453680995,1
0.0007561926474922418,1
0.0020838705298465996,1
0.0018186169592737597,1
0.0017815265223642216,1
-0.0004314630913433739,1
-0.00625269766989908,1
-3.6651150993333056e-05,1
0.000280180256931045,1
0.001980321128070166,1
-0.0026007127741277704,1
-0.0029357336865760046,1
0.0007151934938677113,1
-0.004541681704861511,1
1.515284656449075e-05,1
0.005391510620980938,1
0.002685902358802428,1
-0.00046231085447396474,1
0.001422501392699115,1
0.0012708480717325663,1
0.0021853400361614562,1
-0.0016544918250386352,1
0.00038249650176359613,1
-0.0029258795549470203,1
-0.0006108567510760154,1
-0.002108772941869826,1
-0.0011051071782834042,1
0.00013963877447276723,1
0.0016336024354971785,1
0.0035744170922521333,1
-0.0004435896838002929,1
-0.0018624911019884686,1
0.002117790372399209,1
-0.000295511943496758,1
0.0012324639544575367,1
-0.0020755027980644105,1
-0.0009763645795760409,1
-0.0014795690785072947,1
0.0025455331870429415,1
0.003014688592435927,1
0.00428867233408627,1
0.005185679833404626,1
-0.0037378667209171834,1
0.0011764481237346775,1
0.0009305331414534928,1
-0.0015437347312905437,1
-0.001625349719013082,1
-0.0018344947290694273,1
0.0008276633290688035,1
-0.002391803247368835,1
-0.0029624677089070076,1
0.00029978528493640526,1
0.00025788531896159505,1
-0.0014497311383303887,1
0.002969951643214954,1
-0.0018802230466246973,1
-0.0021619404176055302,1
0.002222151431375452,1
-0.0007468181697961045,1
0.003909044931469341,1
-0.002853061790731008,1
0.0029387258824242267,1
0.0031701787074673374,1
0.0035244294310031636,1
-0.0013607040258742772,1
-0.0013284683172762708,1
0.001090110388144952,1
0.0008517363142055315,1
-0.0035972221943803393,1
0.005868908091494446,1
0.0013666113793700371,1
-0.004060580789485071,1
0.0007263360441056044,1
-0.002242195749113019,1
0.0003650203112417211,1
0.000783718166954731,1
-0.0021634724143275246,1
-0.002337693354248447,1
-0.00535074040967014,1
0.0031984239894651584,1
-0.0010579490704847039,1
-0.0029004223695748227,1
-0.002015436972234227,1
0.0025439250902231426,1
-0.0012908810932950776,1
0.001584621894536841,1
-0.0011349387377462851,1
0.0022302293540934865,1
-0.00013354584878599816,1
0.0021405710332440815,1
0.0017649395431406478,1
-7.737793488832775e-05,1
-0.0017336846048819539,1
0.005598816543529445,1
-0.003421791579695347,1
5.6464922645778206e-05,1
0.006696751784560438,1
0.002433082586359975,1
0.00238081576288397,1
-0.0010773028439795681,1
-0.0003738254202844448,1
-0.001576410586938593,1
0.0031889028737385867,1
0.001432152194969128,1
-0.005169448505649286,1
0.0015792488761332641,1
0.0013799301760481913,1
0.001504563014884437,1
-0.002817007204836607,1
0.0009027236106859033,1
-0.002808807100962864,1
-0.0002981400053033485,1
-0.0040172053815296215,1
0.0005534083252205965,1
0.00039862598421972053,1
-0.0010701275400017772,1
0.001967496195712642,1
0.002404076850162741,1
-0.00021509636927727273,1
0.0007347428219309823,1
-0.0037077110975098195,1
-0.0003845557104820816,1
0.0010504942778630313,1
0.004222651176379934,1
0.00046171419194383746,1
-0.006453177268517716,1
0.004645803568443196,1
0.001545377473159904,1
-0.0004481509716496213,1
-0.003231345587994607,1
-0.0027818042162250753,1
0.0064188355633133486,1
0.0014721709307859326,1
0.0035595809561099175,1
0.0008221708147002821,1
-7.906888586209243e-05,1
-0.0019701786457312414,1
-0.0037420179557888103,1
0.003439781673366169,1
0.0030912557054302383,1
-0.0021342439573435127,1
0.0010748051869703935,1
-0.00011078119910783052,1
0.00017250371767974355,1
0.003014075099807039,1
-0.0015314713587080118,1
0.002601759482320483,1
-7.935597338765547e-05,1
-0.0028306586489989134,1
0.0033577477146686896,1
0.0015706523252891054,1
-0.0027219444431048592,1
0.0010907394210317996,1
-0.0009277014210095703,1
-0.0002972798136005562,1
-0.0009741995645223317,1
0.0005200215272968707,1
-0.0020996170206447943,1
-0.002159629168118734,1
0.0035119295309729457,1
0.0008190743353614983,1
0.00484936908147727,1
-0.0007250169212564983,1
-0.0022663865121832706,1
0.0016092753710888162,1
0.0008267648203022919,1
-0.0010151464156733347,1
0.0005820334975824844,1
0.0023743184415121335,1
0.001130355797293246,1
-0.0006091683617372466,1
-0.0022801437531265695,1
0.001075012204390961,1
-0.00022273575546261497,1
0.002810603369791209,1
0.0025042939345882188,1
-0.0007913542734506698,1
9.437166103094268e-05,1
-0.0010248955081382247,1
0.0032894321736841106,1
-0.0009266857352044826,1
0.0016668044816441985,1
-0.0015287791097450918,1
0.005786345455327326,1
-5.564137405012819e-05,1
-0.0016858805000313898,1
0.0017581658589284276,1
0.0008864283600686076,1
-0.0045480156732978574,1
0.0006985848672293903,1
81.48906809882286,1
-3.0981826067308886,1
-1.4466247025651937,1
-0.11049214801447502,1
-0.011008850049973729,1
-0.011438613297891625,1
3.145641490129657e-05,1
-0.004310893546707952,1
0.0003466951387154528,1
0.00042434492481635035,1
-7.71903859203529e-05,1
-0.0026488021713255328,1
-0.004978378886558713,1
0.0032405276286520714,1
-0.002275990617190514,1
-0.0024364631133744824,1
-0.0023520303218705074,1
0.0032570242592943268,1
0.0015956705046169034,1
-0.00245765151684329,1
-0.0016669202248713244,1
0.0007224805552898746,1
0.001659308858995929,1
-0.002040169651692827,1
-0.004458281078567039,1
-0.0027476201124032548,1
-0.0011168276121373173,1
0.0028233441683636726,1
-0.001650064505923997,1
0.0015839610878130522,1
-0.003510340214575782,1
-0.0013779137621518897,1
0.004972079961319991,1
-0.0036959230990144536,1
-0.005578147067266176,1
-0.004474097812457941,1
0.0007211352220078526,1
-0.0012086276688053014,1
-0.00030867084364222274,1
0.00133057630122624,1
-0.0018631943979635216,1
0.001862565567663833,1
0.0024423154514377167,1
-0.004435121624482856,1
-0.002264193022529136,1
0.0019397069264592956,1
-0.0029804313674663455,1
-0.0055276889025776725,1
-0.003957777531731793,1
0.0026044934535148657,1
0.0015284461105004364,1
9.850677052787402e-06,1
0.0036789787737643463,1
0.004928026197980517,1
0.0012514512598517534,1
-0.0038858182457617474,1
-0.002489537127764023,1
-0.000328044495639209,1
0.003078218320871713,1
-0.0020112301294849476,1
-0.0011236994312918331,1
-0.0009239210251659016,1
0.0004831960951140166,1
-0.0009366739537442002,1
0.0020768979330944115,1
0.002636142703464691,1
-0.0034153383429416143,1
-0.0008851185469406343,1
-5.9364516658164286e-05,1
-0.004045471729012801,1
-3.968060261583545e-05,1
0.002489259119922869,1
0.0006420788962648998,1
0.0038521123989156618,1
-0.0018067795688906031,1
-0.0019122968604073085,1
0.001722579277117762,1
0.0019978329762891174,1
0.004544748308837423,1
-0.0038942861400582773,1
-0.0016037556060293997,1
0.00025196587353066554,1
-0.0005325702692181179,1
-1.0639724833924946e-05,1
-0.00039667834476004085,1
-0.00139714340994922,1
-0.0016183189744234671,1
-0.0014322760101093267,1
0.0043818896501890406,1
-0.0048011337589395275,1
-0.0013567112516870556,1
-0.0027723195560481017,1
0.0017350049078897016,1
0.0007356281205681882,1
-0.0023475975455406408,1
0.002054676304601998,1
-0.0006173342091607199,1
0.0022383589704652283,1
0.0036860386600310415,1
-0.0028702137207967434,1
0.0004685850306067288,1
-0.0004081949570503829,1
-0.000954916115225317,1
0.0002503875482960555,1
0.00021744683976107295,1
0.001828238653172651,1
0.0013648764212271067,1
-0.001654111467173011,1
0.0013837965646022411,1
-0.0007682055502506677,1
-0.0001983339839517582,1
-0.0025443084861750905,1
-0.0037495039697790326,1
0.00042385500460230454,1
-0.0066452393286816095,1
0.0010704610863565733,1
-0.0010406123105095395,1
-0.001694434417582034,1
0.005437347146340032,1
-0.000746554229625658,1
-0.0004814896772802776,1
1.5399835727433455,1
-3.559983360421739,1
-0.15995592173204023,1
-0.029920047310925162,1
-0.009973030750147268,1
-8.987782536976945e-05,1
1.627352641825882e-05,1
-1.626094665975826e-05,1
-3.602816531716493e-05,1
-5.302748565809933e-05,1
-2.4226646242495933e-05,1
-6.688787539229652e-05,1
-2.0485502533015006e-05,1
-5.1716137972696335e-05,1
4.820562834172953e-06,1
-2.5401055769099435e-05,1
-1.0630210372325517e-05,1
-3.189968107224253e-05,1
6.61049697748588e-06,1
-0.00010966015473285632,1
-0.00011228547643948154,1
-3.0159207736584818e-05,1
-1.898574520699544e-05,1
-5.895454891869436e-06,1
8.25879630347109e-05,1
7.231124897397591e-06,1
1.9674391847128663e-05,1
-4.89535978177547e-07,1
0.00010287746434164394,1
-2.1113186888458223e-05,1
1.5239129243359029e-05,1
-1.646314477933353e-05,1
-0.00012175667030011715,1
6.047280593155665e-06,1
-0.00011801291772208446,1
0.00010999298169065527,1
7.176727750253742e-05,1
-1.4708063608541193e-05,1
4.0064795162636806e-07,1
0.0001270754531542483,1
-8.088617070549302e-05,1
1.0327439214524488e-06,1
7.73022403544949e-05,1
9.437530568270803e-05,1
-5.670230018511472e-05,1
1.6185655439168386e-05,1
-1.6379950093522357e-06,1
5.5701730276814275e-05,1
-5.5160575900337456e-05,1
1.0671741109349511e-05,1
-1.3099960980398885e-05,1
-7.462604804264354e-05,1
-5.6537716696277975e-06,1
-9.360876125994091e-05,1
0.0001602985366223832,1
1.4114312860316305e-05,1
0.0001763199544942837,1
-5.973183382221607e-06,1
-6.069308443347261e-05,1
2.879746552616326e-06,1
-6.779717418007848e-05,1
7.751630292392391e-05,1
7.145440294446622e-05,1
0.00013552046774718292,1
-7.397182643322753e-06,1
-9.875611012574539e-06,1
8.506188549462983e-05,1
-2.9704992889087553e-05,1
-8.235971575302575e-05,1
3.6258614343217605e-05,1
-1.796897102816307e-05,1
-4.354374810701011e-06,1
1.531364263136034e-05,1
8.288655061564107e-06,1
-3.397075714364852e-05,1
-0.00012140239260925801,1
1.1402603519343903e-05,1
-1.3315968422475663e-05,1
-1.717558419410579e-05,1
-1.6687543903014693e-05,1
5.750772894557232e-05,1
1.9689276003205687e-05,1
-4.866015206495254e-05,1
3.204498903727781e-05,1
-3.712818475646655e-05,1
-5.7074841713003986e-05,1
-3.0104953947667523e-06,1
2.0627058307420982e-05,1
7.103444273854309e-05,1
-3.557065378171137e-05,1
0.00011795987642291063,1
-4.679366344623345e-06,1
7.103236931122187e-05,1
5.300913927217566e-05,1
4.315960571687917e-05,1
1.688637075219832e-05,1
-6.759721998173809e-05,1
-8.248935890472605e-05,1
-0.00010797600888305202,1
5.995541376210489e-05,1
9.710269437694932e-05,1
6.204578165719191e-05,1
-7.463544514180721e-05,1
-1.9436980976639873e-05,1
-4.751100943266109e-05,1
8.631744855972019e-06,1
0.00010696602576877463,1
-5.559349352586768e-05,1
0.0001163293800680329,1
-3.443923437250061e-06,1
7.106603855547178e-05,1
-2.727983263534786e-05,1
5.0814537308904195e-05,1
5.209475646600999e-05,1
5.180113721407607e-06,1
-2.1757589713985606e-05,1
0.00018188680658025986,1
-4.9958587293235804e-05,1
-7.221495496631976e-05,1
-5.0099782751130564e-05,1
5.7608489550727005e-05,1
-0.00011076710854444744,1
-1.264188862570786e-05,1
8.938506752196816e-05,1
-0.00010284477936790984,1
-7.237615308135614e-05,1
3.2764779267057085e-05,1
-8.954325434477629e-05,1
-2.6584380040532035e-05,1
7.997944623403479e-05,1
-6.501193607797354e-05,1
2.2970256743303655e-05,1
-6.64706668564909e-05,1
-1.9450710904365515e-05,1
4.4906101486656535e-05,1
2.9997972120263246e-06,1
4.8250646356762716e-05,1
0.00010191539110810927,1
-0.00010242242940598405,1
-1.063709950461487e-05,1
-1.0363497900889359e-05,1
-9.150944486267001e-05,1
-2.5121576866495367e-05,1
2.5796703636279598e-05,1
-6.951259615800411e-05,1
-6.055341603693078e-05,1
-7.985987687625235e-05,1
-2.3133058540147705e-05,1
-2.4215083169093605e-05,1
-1.1556883142727456e-06,1
-5.418880688054655e-05,1
-7.799651600663524e-07,1
2.669255838723291e-05,1
-1.2694053735735822e-05,1
6.666566699283869e-07,1
6.045518671662283e-05,1
-3.4928309270194044e-05,1
-0.00011943266946822271,1
5.8946981696077986e-05,1
1.6173121612702248e-05,1
4.319276775090734e-05,1
-5.2304905357034316e-05,1
-2.4985766344502033e-05,1
2.8916676848278505e-06,1
-4.9254940967368885e-06,1
2.365355507499802e-05,1
-3.543182730814959e-05,1
-0.00011005807020408894,1
4.338428097815007e-05,1
2.1038953914737217e-05,1
-1.9144690374885394e-05,1
-4.908280156367411e-06,1
6.584181932895526e-05,1
-1.7015625420585755e-05,1
2.6921624347225638e-05,1
-0.00010984189505987296,1
-5.317951219463491e-05,1
-1.4422929572270475e-05,1
5.8785254339746476e-05,1
4.279773383715748e-05,1
5.536146008530869e-05,1
-1.1269829867840599e-07,1
3.906830612741529e-05,1
8.836048304400132e-06,1
0.00010570927579768085,1
4.3938039310754696e-05,1
-3.6845874873162173e-05,1
-2.1025178767595358e-05,1
7.702178575303763e-05,1
7.686771001644196e-05,1
-2.784987542625137e-05,1
2.9881562521535924e-05,1
-5.157948813007151e-05,1
0.00011997702646048015,1
-6.657067861557288e-06,1
0.00014576916900307048,1
-2.5970640547307152e-05,1
1.7736131755132816e-05,1
-3.635189989007228e-05,1
-7.957331858361301e-05,1
8.573563191307356e-05,1
4.629129370743417e-05,1
-8.303306867302219e-05,1
1.9283441142173485e-05,1
-8.685402653076954e-05,1
3.814212593891244e-05,1
-1.1572069321980209e-05,1
-2.3519025526833885e-05,1
-2.8074479157337115e-05,1
4.843147391584998e-05,1
0.00010447593086695172,1
3.8830519646769385e-06,1
2.436041424894415e-05,1
-0.0001043805934145169,1
6.013369999687004e-05,1
-1.4057704492289747e-05,1
-6.746455208383586e-06,1
-8.546910457391396e-05,1
-8.978218230095978e-05,1
-2.8794292553696735e-05,1
-5.8527177670766775e-05,1
4.775013635443717e-06,1
-7.607061783524201e-05,1
5.836815908457094e-05,1
-0.0001005853639035661,1
-8.420853994009493e-05,1
6.545918484123636e-05,1
7.305941337718844e-05,1
-3.968634408699729e-05,1
-7.385605796078593e-05,1
3.0761981330832796e-05,1
-6.852252871538998e-06,1
-3.3006777039816967e-05,1
-3.858818336101554e-05,1
-0.00013002639177665392,1
8.6018188022589e-06,1
-3.3236481172580145e-05,1
1.0410019943063679e-05,1
6.190478375766484e-05,1
9.537706092160173e-06,1
-5.679665436251996e-05,1
-0.00013751110647787385,1
-9.645315785529838e-06,1
1.4175076099023114e-05,1
-7.192373396226058e-06,1
-2.8191936846818013e-05,1
1.7884733855296796e-06,1
8.165404850306187e-05,1
8.807992368657224e-05,1
-2.975066778129453e-05,1
8.787644072523598e-05,1
-2.9464278167580693e-05,1
8.78494264930749e-05,1
-0.0001281440066580282,1
-2.891205571407675e-05,1
1.212451903467281e-06,1
9.216072564083427e-05,1
3.7282077436312604e-05,1
-4.6386052242044206e-05,1
8.431356298390207e-05,1
-3.815442626453041e-05,1
2.2089725405349966e-05,1
-2.7665015586823668e-05,1
-2.1332581131406355e-05,1
6.0944716243585456e-05,1
0.00010568744489371023,1
-1.1994041535067951e-05,1
3.7680761507873596e-05,1
2.8736753383637653e-06,1
-0.0002279579642682221,1
1.209108996381116e-05,1
9.268735519321173e-06,1
-2.746815807699974e-05,1
6.6807869100465e-05,1
-5.618594899898959e-05,1
4.5684136404145945e-05,1
4.8839221096602084e-05,1
3.1983805283097104e-05,1
-0.00010616200933517658,1
-3.652822015829266e-05,1
7.081353571432166e-05,1
0.00010623649894318903,1
-6.66976309126555e-06,1
-7.383849747339007e-05,1
5.3753533065237004e-05,1
-4.906209507376092e-05,1
-6.458359168688704e-05,1
-4.216959662833689e-05,1
3.061594138989112e-05,1
-2.6952441108070472e-05,1
-5.237321753952559e-05,1
4.856370163636354e-05,1
1.4483178726652435e-05,1
1.2828830394277864e-06,1
5.712260934803303e-05,1
-3.722903930699765e-05,1
-1.1417641946905736e-05,1
6.965905159713822e-05,1
0.00010295286157246765,1
-1.4867778489987267e-05,1
-6.537158220709405e-05,1
39.25988679102359,1
37.650100383403036,1
36.089961695198085,1
34.569955579100274,1
33.10998780785328,1
31.6899414889496,1
30.319945639259494,1
28.98996070306072,1
27.709891500714583,1
26.469902861164595,1
25.280009677847026,1
24.130131559645847,1
23.02000244796938,1
21.95003537032701,1
20.91999204532431,1
19.929960333247248,1
18.970010287103143,1
18.059942751850624,1
17.18000377426591,1
16.33006093396915,1
15.519964306071758,1
14.749955547023768,1
14.00001662344862,1
13.289927962996858,1
12.610071165248911,1
11.959894064654495,1
11.340045739149327,1
10.740019754035686,1
10.17999985457302,1
9.629969625307243,1
9.11990411698694,1
8.630076623745975,1
8.170002586787096,1
7.719973945146793,1
7.300065947699862,1
6.890030094638073,1
6.509909570341133,1
6.149976467862239,1
5.799969467902521,1
5.469946040010531,1
5.160006102074036,1
4.870006169044069,1
4.590077825282737,1
4.3200296892655565,1
4.070023953145507,1
3.839902613413648,1
3.6100119046978154,1
3.399973581073426,1
3.19996114834288,1
3.0100520509241986,1
2.840084437625801,1
2.670046751911037,1
2.509965855644975,1
2.3600119639903543,1
2.2200066313630726,1
2.080061757548458,1
1.9600296086064755,1
1.8399378951056378,1
1.7300172596853034,1
1.6199872908545236,0
1.5300573547291485,0
1.4300484461471652,0
1.3499383305426693,0
1.2601087528463866,0
1.1900078373940397,0
1.10992909275839,0
1.0500155437238339,0
0.9799776905581478,0
0.919935759892183,0
0.8600747090227749,0
0.8100593541830519,0
0.760037672761675,0
0.7099576620050618,0
0.6699570000086865,0
0.6299659918008669,0
0.589981020325669,0
0.5499042410847005,0
0.5199842317717714,0
0.49003757792586605,0
0.4500832463181745,0
0.4300474699335058,0
0.3999194523566601,0
0.3699709023234864,0
0.35007756929640593,0
0.3299538730485829,0
0.30996808067325893,0
0.2900540168253027,0
0.27001064601380564,0
0.2499917652046855,0
0.23997398474829482,0
0.22000604616918853,0
0.21006031970920355,0
0.19993503126826956,0
0.18009764789841987,0
0.16998133710650531,0
0.16007666059299736,0
0.15001402411885198,0
0.13998659580942702,0
0.12998868690661525,0
0.11999946033565004,0
0.12002774268369415,0
0.11000305303601755,0
0.0999721383873886,0
0.1000487880063882,0
0.08993898842353841,0
0.08001621580170518,0
0.08004831816188356,0
0.0699928735850867,0
0.0700235572518916,0
0.06002848122716392,0
0.059923007630375384,0
0.06014745541723055,0
0.05010547211241491,0
0.05001181061937909,0
0.04993913142376137,0
0.039983027657597064,0
0.04006335031771272,0
0.03988366887708147,0
0.03996415929324785,0
0.030058701666247144,0
0.029952893947650945,0
0.030071747770649238,0
0.03008508565978914,0
0.029963843656494904,0
0.019903859777036046,0
0.019995365231463755,0
0.019947667862307207,0
0.020039265406578646,0
0.019944271513929707,0
0.019971172604785176,0
0.020012997916143162,0
0.020115127465969062,0
0.010110014913415058,0
0.00998922713591043,0
0.010073875179500834,0
0.010052744598934191,0
0.00998639564717406,0
0.010002674291732462,0
0.010035488435545876,0
0.009946391083549694,0
0.009939257419430199,0
0.00995802833335128,0
0.00993798148643191,0
0.010056797827336985,0
0.010055027820178126,0
0.009996540395694298,0
0.010017438796366579,0
0.009953620987162496,0
0.01003171020237697,0
1.6274064801046294e-05,0
-5.879377609896101e-05,0
-6.643046487106296e-05,0
4.258644922611278e-05,0
5.127792378205053e-06,0
-2.5339599929045077e-05,0
2.4971214693701624e-05,0
5.566097115935078e-05,0
-8.856207557953803e-06,0
-0.00010456017814921588,0
4.808082948739472e-05,0
8.407995275998619e-05,0
-2.2344500261042767e-05,0
-0.00015832148514233289,0
-3.215880648993664e-05,0
2.4120701486228513e-05,0
1.4227459181969672e-05,0
5.544094508338847e-05,0
-1.253970652472868e-05,0
5.893844742665498e-05,0
-4.904981850408122e-05,0
1.8650355806281468e-06,0
-7.108269005725988e-05,0
-8.432643419320098e-05,0
0.00010278810283055923,0
4.053718201409661e-05,0
-5.162904419487452e-05,0
-3.41889138913017e-05,0
-6.936152920183222e-05,0
3.524048549862527e-05,0
3.4294927491906506e-05,0
3.073796324914006e-05,0
6.241486389007538e-05,0
1.544879006093536e-05,0
8.317528630187139e-05,0
2.814222331371797e-05,0
-6.2365808451324755e-06,0
-3.0544619877727826e-05,0
-3.089801759984959e-05,0
-5.3444356154043246e-06,0
-1.0389642014974854e-05,0
8.661487205437069e-05,0
2.86246984063526e-05,0
-6.273517969360094e-06,0
7.847061424116303e-05,0
-1.5095602088040231e-06,0
-8.52348446641999e-05,0
1.8474127335680624e-05,0
-2.9846870125948468e-05,0
2.1962680760223963e-05,0
6.511329277045211e-05,0
2.0851767671877022e-05,0
-1.4872949165243394e-05,0
4.529133415115696e-05,0
6.147527495528962e-05,0
4.853612561820962e-06,0
5.8616025984244374e-05,0
0.00011598317296103647,0
-4.775694930071617e-05,0
4.515275825608986e-05,0
7.797485151291164e-06,0
6.166262139312812e-05,0
-0.00012758653576973035,0
-1.9647670838401457e-05,0
1.4383479680006608e-05,0
-5.7492966078785774e-05,0
7.823761648977458e-05,0
1.3356665120056612e-05,0
-0.00014799001374260048,0
8.578790627318525e-05,0
-5.642410441536811e-05,0
-8.983585763345302e-05,0
0.00010108523230661443,0
1.68455034408378e-05,0
6.103798664729707e-05,0
-2.552267080703342e-05,0
1.0811182528753573e-05,0
4.476429416593374e-05,0
-5.423663722196553e-06,0
2.81060440909122e-05,0
-3.0082206306450555e-05,0
-8.569765652866172e-05,0
-0.00011991864012575713,0
-3.723035970450958e-05,0
8.739255872133696e-05,0
-4.288675443768074e-05,0
-8.322966041340445e-05,0
3.7697039679005614e-05,0
-6.653728885088561e-05,0
-1.4421023402182081e-05,0
-5.003735833475066e-05,0
2.07733058841373e-05,0
1.975272598780458e-05,0
3.230498317131062e-05,0
3.284122581829045e-05,0
7.035694525641095e-05,0
7.44199050645572e-05,0
1.68427197721199e-05,0
2.3917361353942687e-05,0
-3.8794007001049725e-05,0
5.262056431862292e-05,0
-4.596901504861248e-05,0
3.566485691114597e-05,0
6.0006333089393125e-05,0
-1.9492100495507254e-06,0
3.7512024043875156e-05,0
-4.1714520995632094e-05,0
-6.059608966038387e-06,0
3.562526477274244e-05,0
-4.636605770140092e-05,0
-5.8477284950149586e-05,0
0.00013053577227713052,0
3.146737687705837e-05,0
-1.1870983698878601e-05,0
6.852016221079939e-05,0
5.515764965002561e-05,0
9.130555170080038e-05,0
1.0281112580198097e-05,0
9.741986535154218e-05,0
1.784209649229989e-05,0
6.7101608970247356e-06,0
6.497835719195814e-05,0
-5.399229869299456e-05,0
-4.054018399644839e-05,0
1.6126708468809112e-05,0
-1.797493583278152e-05,0
7.525698782072385e-06,0
4.1971670123146584e-05,0
-0.0001167312176488547,0
5.636436994603786e-06,0
-1.87012767642499e-05,0
-4.033427530582555e-05,0
3.792566147491624e-05,0
5.5985270399431504e-05,0
-1.0071036223438395e-06,0
5.3020141557596364e-05,0
-5.6518377132470486e-05,0
-5.742652466767127e-05,0
-3.8593902188135506e-05,0
0.00010888991205791599,0
-7.076639193541973e-05,0
2.4924609689662753e-05,0
-5.3756329464757246e-05,0
-6.088435396596691e-05,0
5.228549485173264e-05,0
-0.00013600847802647096,0
-4.361114049512512e-05,0
-5.1865933022552204e-06,0
2.628848744607936e-05,0
-4.973543940429907e-05,0
2.6774803155839058e-05,0
-6.189927201425568e-06,1
-7.779976436233743e-05,1
2.8223282562811803e-05,1
-1.759379154648114e-05,1
-5.196487617942222e-05,1
-0.00010843999371101776,1
-1.7164240400024784e-05,1
7.942697313211445e-05,1
-1.6029348819663873e-05,1
-1.9152555901649785e-05,1
-3.97132526002505e-05,1
5.3119860962401494e-05,1
-2.929501955517655e-05,1
-3.077196923758475e-05,1
0.0001038422714753523,1
0.0001508062684302823,1
9.584680170627703e-06,1
-5.929332952629484e-05,1
5.2652750477129067e-05,1
-7.62769018419326e-05,1
6.177697066101032e-05,1
0.00011771043375826379,1
4.897839017852954e-05,1
1.2705468960318657e-05,1
-1.063328023361784e-05,1
1.770627440231829e-05,1
-4.869943572391354e-05,1
9.405039737272073e-05,1
3.6800652778974524e-06,1
3.8104204256298912e-06,1
3.752605737187699e-05,1
-0.00019955357576443108,1
2.081195271856751e-05,1
2.0212506158348208e-05,1
8.262940152285136e-05,1
9.803647313955551e-05,1
-1.8087124924007687e-05,1
4.440317339562391e-05,1
8.83811696287289e-07,1
-4.0139844656638615e-05,1
7.091936468602394e-05,1
0.00012184636737464955,1
1.0262920548159136e-05,1
-8.963255186921429e-05,1
4.540356568922306e-05,1
-6.9251007576120856e-06,1
8.452898996710676e-05,1
8.137895728141722e-06,1
5.2030213544387175e-06,1
-3.142584233178399e-05,1
-8.079399662447942e-05,1
-8.989860332898253e-05,1
-4.915184838069902e-06,1
2.5616004047998695e-05,1
7.67189877056518e-05,1
2.013659962103285e-05,1
5.566298928367189e-05,1
4.614846765004641e-05,1
-3.333437008380592e-05,1
61.789933838749995,1
-53.68994562987996,1
-51.72999387143262,1
-49.7799082356601,1
-47.84001375367781,1
-45.909998021390884,1
-43.98989223817279,1
-42.080102000947974,1
-40.17985450851322,1
-38.300090378716206,1
-36.42009251047873,1
-34.56014640234169,1
-32.70994175818508,1
-30.86998736024205,1
-29.050009017697175,1
-27.240022789013793,1
-25.44989804831647,1
-23.660044194541793,1
-21.900037582129002,1
-20.150031005033522,1
-18.41982952870885,1
-16.69996146055844,1
-15.009948878728276,1
-13.329971116651025,1
-11.669990742373455,1
-10.03010702129158,1
-8.419916568997037,1
-6.8201061060444506,1
-5.240107364625,1
-3.6700227368078027,1
-2.0800383128657676,1
-0.07997263832845804,1
-0.01995257785333576,1
-9.804099835092968e-06,1
5.646138583090184e-05,1
4.109637443081345e-06,1
-3.4942267541314066e-05,1
-8.554342533652791e-05,1
-0.0001189884230626222,1
-1.7046753808213884e-05,1
-3.5192229520822105e-05,1
1.1359673612826588e-05,1
7.250891258891106e-05,1
-2.9562312643039247e-05,1
6.600825838481579e-05,1
2.6892657511990854e-05,1
8.225561179527139e-05,1
-3.456333049059931e-05,1
-1.9570293506625594e-05,1
-3.281692688272985e-05,1
-7.706917744738248e-05,1
2.547191317318763e-05,1
2.208878865809462e-05,1
9.133175840631406e-05,1
-6.971211380122853e-05,1
1.4866865857674287e-05,1
9.408297534659819e-05,1
-0.0001489494685772476,1
6.18445378626708e-05,1
-3.720502804288217e-06,1
-3.95038241558323e-05,1
0.00010913425797495595,1
-0.00014930012683386814,1
0.00011603159503562546,1
7.054168833729439e-05,1
-4.180349816897201e-06,1
-5.942116548082969e-06,1
3.595186361608257e-05,1
6.494411896164531e-05,1
-1.2072787740344313e-05,1
2.8648909715632012e-05,1
5.1437639725312494e-05,1
8.134981529490499e-05,1
-1.5624052497081807e-05,1
-2.7902950431825264e-05,1
1.2040375105060794e-05,1
-0.00014037164042587675,1
-9.122154999187136e-07,1
-8.932889415997288e-07,1
2.285772827075282e-05,1
5.0182741562497926e-05,1
-6.397552769766983e-05,1
-6.144087750248702e-05,1
-2.909134541264082e-05,1
-3.6866240043447144e-05,1
6.204006989395588e-05,1
5.160047412768241e-05,1
-5.358386913389534e-05,1
4.004652137140295e-05,1
-1.7850604412397254e-05,1
7.364001038157111e-05,1
-1.7270520825400198e-05,1
5.6451250906413714e-05,1
-1.3074126716761958e-05,1
8.649985021888667e-05,1
7.150850079703305e-06,1
3.0489559252956474e-05,1
-7.148525045592e-05,1
-5.315923924262184e-06,1
-3.1881748077988405e-05,1
3.1643689217027066e-05,1
-6.560584202311919e-05,1
-4.574123924023642e-05,1
-7.118146813858592e-05,1
-6.197551789986007e-05,1
1.0745178088348194e-05,1
4.3011022462736585e-05,1
-8.010467335905474e-05,1
3.135526590641388e-05,1
5.159112209454459e-06,1
-5.967434073940925e-06,1
5.51122220590455e-05,1
1.4229210039253228e-05,1
-4.0414864330122505e-05,1
-8.435445102947605e-05,1
8.770715565037507e-05,1
9.458525858281224e-05,1
-6.140269155928646e-06,1
1.0742461049225553e-05,1
2.9854523674236924e-06,1
4.5235853341299834e-05,1
3.618076623323583e-05,1
-4.0844434499101646e-05,1
-5.493145646371965e-05,1
1.1136439482953538e-06,1
-3.6978687345399934e-05,1
-1.4388917385702595e-05,1
-1.921669991284142e-05,1
7.832568602979575e-05,1
-5.6180253662884176e-05,1
-2.701754383442597e-05,1
1.254867257867315e-05,1
-4.074996246382118e-05,1
-5.198360113892449e-05,1
4.876545665902798e-05,1
5.409808136323145e-05,1
8.116039322655585e-06,1
5.597800876091674e-05,1
-6.3934579775916985e-06,1
4.648234627209056e-06,1
-6.215294409164512e-05,1
2.8757230111995593e-05,1
-4.397527692814226e-05,1
-5.3318901450339e-05,1
2.645560457709413e-05,1
-2.0937367152221748e-05,1
3.462244335223068e-05,1
-2.4153071313147462e-05,1
-1.804084024793248e-05,1
-1.785617684739378e-05,1
-8.026554884639523e-05,1
-1.080318501063072e-05,1
9.567806302554456e-05,1
5.9419091067599955e-05,1
0.00010653400412368336,1
7.153085700184838e-05,1
-9.652960573238757e-05,1
-3.000362788657441e-05,1
4.87064711945214e-05,1
-7.743772537727967e-06,1
-7.255680145812045e-05,1
-5.007648714710025e-05,1
3.5655198449969446e-05,1
-1.7953620147990925e-05,1
6.169790331014885e-06,1
-0.00010615788932848296,1
-3.733269995354861e-05,1
4.6458146902296434e-05,1
-3.7470847684193185e-06,1
6.973108810374796e-05,1
-8.090774247492817e-05,1
1.0042744025796185e-05,1
0.0001106193693791692,1
4.996448678088859e-05,1
1.5677060091107758e-05,1
3.5327566993661944e-05,1
-4.7970966303578206e-05,1
1.7246993554514093e-05,1
5.8464156838634387e-05,1
-6.403686330154952e-05,1
-5.109910536757868e-05,1
-6.300463382144794e-05,1
-8.132243616031254e-05,1
0.00011768822311968374,1
7.798370000544504e-05,1
1.1120096200204971e-05,1
1.4737086361396382e-06,1
7.53056083059671e-05,1
-7.654086409968929e-06,1
-1.09119708563884e-05,1
7.487401714299936e-05,1
2.640081820321691e-05,1
3.37072922177764e-05,1
-6.144242895638278e-06,1
9.513133549251522e-05,1
4.085366405119337e-05,1
3.0852569290345295e-05,1
7.002133940041424e-05,1
8.821016193676671e-05,1
-8.605881927754192e-06,1
3.792909295666788e-05,1
3.164138067827864e-05,1
0.00012956088111085317,1
1.006758994283058e-05,1
-6.456433061828076e-05,1
3.463839834819082e-05,1
-1.0590505980323479e-06,1
-2.3035284532345207e-05,1
-9.527740536897402e-06,1
-3.381778672711947e-05,1
-6.712416726839284e-05,1
7.293043904468933e-06,1
9.875997353318545e-06,1
-6.036673694247152e-05,1
1.974618736231685e-05,1
7.564898526675622e-05,1
5.0949102654039074e-05,1
9.100925184451656e-05,1
-6.553561074609208e-05,1
7.143345635974381e-06,1
3.171775951312462e-05,1
1.883071802884996e-06,1
2.0883225452419015e-05,1
4.569422876662764e-05,1
3.260013822018794e-05,1
1.234302358979102e-05,1
-0.00011535357186038829,1
2.836279096398909e-05,1
-9.677496116399866e-05,1
-6.386492546518793e-05,1
1.9496920676359496e-05,1
6.34989819199258e-05,1
-0.00013102697615330732,1
8.503385307764452e-05,1
7.365998892567805e-05,1
-5.1859538635746424e-05,1
2.8566946499863034e-05,1
2.1073069236897733e-05,1
-1.57830976409753e-05,1
-8.638781678941304e-05,1
-6.207400121625025e-05,1
-9.417376638081952e-05,1
7.106772896022617e-06,1
-6.160256307598398e-06,1
-4.839694128275723e-05,1
9.71823159307676e-05,1
-9.268662022906324e-05,1
3.473916165075873e-05,1
1.4394785174323096e-05,1
4.18143727003518e-05,1
0.00010834652394435143,1
4.831648734714282e-05,1
3.821575913477375e-05,1
-8.919329758862479e-05,1
1.7598321202359672e-05,1
-0.00010039975841150394,1
2.9205189000431475e-05,1
0.000163924578056048,1
-1.6505891335128233e-05,1
-5.001429068383156e-05,1
-2.96873234431667e-05,1
0.00010002392333187049,1
-4.564157211799612e-05,1
4.845156033609518e-05,1
-9.1104538202557e-05,1
4.2095104147097185e-05,1
-7.951861356289702e-05,1
2.556893162519635e-05,1
-0.00014810733856725133,1
-7.091024379393371e-05,1
0.00010504692601454763,1
7.3554312242142296e-06,1
0.00015532271159643328,1
5.3395096380140176e-05,1
-1.3029699377598413e-05,1
3.9611691303906274e-05,1
-3.9272888191152075e-05,1
6.0523085357060114e-05,1
-9.765170399988169e-06,1
3.508577148959785e-05,1
-7.57179625173169e-06,1
2.5930944103509377e-05,1
2.855239680695608e-05,1
2.3316319491598767e-05,1
-2.554617524169528e-05,1
-4.178102055015841e-05,1
1.1462620850775882e-05,1
-4.6666234989661014e-05,1
-3.654448764384305e-05,1
-6.245709178317382e-05,1
2.351722846810526e-05,1
0.00015577832852245555,1
-7.55182695453457e-05,1
-5.858264764599011e-05,1
5.488938337666358e-05,1
-4.830376996224646e-05,1
1.5089335717978118e-05,1
1.8687827163797786e-05,1
1.5253941422435292e-05,1
-1.3582404086217442e-05,1
-7.339839121176791e-05,1
-2.951468677650731e-05,1
-4.586550216639686e-05,1
-1.609689971311448e-05,1
2.8902410180424127e-05,1
1.356981215066159e-05,1
1.7333144432817204e-06,1
-5.292259813400657e-05,1
-6.980060484848896e-05,1
-9.517736201235243e-05,1
8.451354451840416e-05,1
-4.585438577314901e-05,1
6.016597823915072e-06,1
-6.000154033348421e-05,1
-1.1431922569798748e-05,1
-5.8600426046244516e-05,1
-7.697674252412445e-05,1
-3.980145995488856e-05,1
-1.9099303514124106e-05,1
0.00011855131056753031,1
-2.3609086499744962e-06,1
1.7128664312753908e-05,1
-4.526865475469186e-05,1
0.0001235097746974354,1
-1.9226524486069872e-05,1
-4.935211321215547e-05,1
0.00011845943125751272,1
1.761529135733643e-05,1
-4.17251698979802e-05,1
1.4727964917636852e-05,1
-5.214083031245845e-05,1
-1.7300329557536538e-05,1
-8.569037716642415e-05,1
2.0093406808859225e-05,1
-3.2853491129589524e-05,1
-9.752765218619083e-05,1
-6.528014099494967e-05,1
-2.4473470060055954e-05,1
-5.5492300437119156e-05,1
1.4572049495166345e-05,1
8.293342798521758e-05,1
3.658510977050092e-05,1
2.498026449209931e-05,1
2.0700052445610007e-05,1
9.127140535823172e-05,1
-3.4208546001056765e-07,1
-1.3554744793512694e-05,1
-3.425176549685368e-05,1
7.041408957164719e-05,1
8.265490776657537e-05,1
-3.5300316938217686e-05,1
-3.3155053004162925e-05,1
8.504608069538055e-05,1
-8.62714132881958e-05,1
3.9563256084655e-05,1
4.191017502843204e-05,1
6.056718199663328e-05,1
0.00010682709932756116,1
-8.43605904640407e-05,1
-0.00010614381452576537,1
-7.1051950306119425e-06,1
5.7302455604496704e-05,1
2.1110888724756516e-05,1
-2.2757663089843117e-05,1
2.5870309892532985e-06,1
-1.9609081220682216e-05,1
-4.161349551605483e-05,1
2.081715968353911e-06,1
-2.3275259732463154e-05,1
-7.051176533570409e-05,1
-3.803770940782657e-06,1
4.2783547927095054e-05,1
-1.7999634019934672e-05,1
5.295688905761016e-05,1
1.3094180704807907e-05,1
7.411970605073867e-05,1
-4.773190171871848e-05,1
2.369912015360495e-05,1
3.742151050404374e-05,1
5.5044604625111e-06,1
-4.497130276714993e-05,1
3.236567241804463e-05,1
-2.910567883984361e-05,1
6.816424537022626e-05,1
-2.1262250906873577e-05,1
-4.4058591903462676e-05,1
7.617398905123095e-05,1
-9.87710409378795e-06,1
0.0001147060975042163,1
-3.610652644779265e-05,1
-4.695808218197855e-05,1
-8.980574866391546e-05,1
4.3923738668646506e-05,1
-1.2935598336789788e-05,1
9.994432794754407e-05,1
0.00010237051131055184,1
5.8508611130358975e-05,1
6.550474202657922e-05,1
9.899970240768482e-05,1
-4.508698221909591e-05,1
-1.4982566499450185e-05,1
-4.215804968239874e-05,1
3.4940347068294e-05,1
0.00010112512349098464,1
-7.2386966552481325e-06,1
-1.0692177726230026e-05,1
-2.721652774019618e-05,1
-0.0001367884134310568,1
3.058877423814914e-05,1
-2.8495330733090418e-05,1
-0.00013193401065064375,1
1.8911026251120793e-05,1
9.097935276991499e-05,1
-0.00010510474174278529,1
5.394660727955802e-05,1
-1.5627924283711608e-05,1
-1.221540016470929e-05,1
5.0864290018942834e-05,1
-2.3425387410401892e-05,1
-5.678433624483121e-06,1
3.4174878568150626e-05,1
-7.171755944760552e-06,1
-9.182957815890515e-06,1
-2.170153940762173e-05,1
5.0535799171556754e-06,1
7.634792145845104e-05,1
-9.66842434070306e-05,1
-5.911089237305783e-05,1
4.0582436049554075e-05,1
3.376632062933563e-05,1
-6.566004563651889e-05,1
2.1274251441939416e-05,1
0.00014005183003750724,1
4.711127620561986e-05,1
-3.0822184500612797e-05,1
2.1444150010724105e-05,1
4.002451288702746e-05,1
3.212830368901334e-05,1
-2.3404225386966764e-06,1
-8.970893218393744e-05,1
-7.152513862125733e-06,1
-2.2734082177120583e-05,1
1.4449075298987957e-05,1
1.4528516781513762e-06,1
-4.549929257045536e-05,1
3.233824028643551e-05,1
7.371183684299391e-05,1
3.1520431594761477e-06,1
-1.1905542358776686e-05,1
-3.7153918212774676e-05,1
3.392644732195846e-05,1
3.728925347147263e-05,1
3.222922674114373e-05,1
6.6392806165231e-05,1
3.073982363534482e-05,1
9.020010730779271e-05,1
-2.399956864553585e-05,1
-5.037249651021287e-05,1
5.242148999682411e-05,1
1.481724810283161e-05,1
9.489603858764391e-05,1
9.271936247625015e-05,1
2.8503411119646886e-06,1
6.853228954211912e-05,1
-8.14206609686013e-05,1
1.295666930148506e-06,1
-3.4184923020810605e-05,1
-5.124770982268015e-05,1
-8.098965968206576e-05,1
-2.4539427581369494e-05,1
-7.256827195411932e-06,1
-9.615357475001119e-05,1
1.0921990103278354e-05,1
0.00010971534647689824,1
9.544649504691959e-05,1
0.0001272782766297717,1
-2.972062960490907e-05,1
-1.890062620651688e-05,1
-7.340519971406514e-05,1
3.838156356323561e-05,1
-8.106998237856404e-05,1
7.192325002561781e-05,1
3.434438731232558e-05,1
-7.045066301720511e-05,1
-6.612418169735321e-05,1
-2.2623269323554232e-05,1
2.510328737098807e-05,1
-7.28019079997333e-06,1
-3.982312172124089e-05,1
-2.079487283530579e-05,1
-4.089227722352534e-05,1
-9.904956531222588e-05,1
5.228509797977031e-05,1
-3.106770867435347e-05,1
4.568644727273894e-05,1
1.6185124933790484e-05,1
9.905440241344095e-05,1
-8.0879192997615e-05,1
2.4657677745195538e-05,1
-2.608792098002973e-05,1
-6.506289008197359e-05,1
3.7000100229009525e-05,1
9.783191832422484e-05,1
-0.00012575275550321432,1
-3.601472922197268e-05,1
-2.4206568331556003e-05,1
-0.00012496511542891086,1
0.00011517923215682819,1
9.456548338970852e-06,1
-2.2775074851361516e-05,1
5.5926598700359804e-06,1
0.00011211432521265138,1
1.0217208450724071e-05,1
3.471899275769402e-05,1
-0.0001604505104594703,1
6.128889099395743e-05,1
3.8317455535767105e-06,1
-3.414121233576847e-05,1
8.99353990915462e-05,1
2.7330311614046342e-05,1
-1.4135298070979358e-05,1
7.274035331887401e-05,1
6.02464429845801e-05,1
0.00013862248124653172,1
1.6718833919108285e-05,1
-1.0290874036910337e-05,1
-5.342248793176514e-05,1
-2.3451366878104068e-05,1
-5.8759458619392704e-05,1
-0.00020908497068369925,1
-3.913514316643248e-05,1
0.00012134644523704415,1
-9.412597867245658e-05,1
3.827184183763584e-05,1
-4.839039595460769e-05,1
7.148879652813807e-05,1
-5.855130473019362e-06,1
-9.796956889759717e-05,1
-4.4451234306345334e-05,1
3.4736713332721777e-05,1
6.54306497391063e-05,1
1.2274345980301393e-05,1
7.212355267920217e-05,1
-5.610100824209672e-05,1
4.210836021829863e-05,1
4.760412566794114e-05,1
5.596285123945717e-07,1
9.5963440292495e-05,1
4.781576892282024e-05,1
4.013377549558054e-05,1
-2.8328707713259615e-05,1
9.953876113007086e-05,1
3.5782627934591684e-05,1
-2.465957279552505e-05,1
-5.809927292527367e-06,1
1.1485552789778219e-05,1
-6.347327655710104e-05,1
-2.8649680592426742e-05,1
-2.9670786507461622e-05,1
5.640827878245095e-05,1
7.12865153190722e-05,1
-3.6575652384754466e-06,1
-0.00018375618507884914,1
3.427247507888934e-05,1
5.2924489278852754e-05,1
5.8995584436435675e-05,1
2.4360081897614206e-05,1
-0.00012319692519317576,1
2.0208270873266408e-06,1
-6.439812856948983e-05,1
-4.4352451107800615e-05,1
3.09825937943738e-05,1
7.73746917198883e-05,1
4.9467852254359186e-05,1
-3.3525079236643134e-05,1
0.00010077792257797102,1
6.67354627416058e-05,1
-5.7044148008194627e-05,1
-1.397718196672427e-05,1
4.267795431904591e-05,1
5.9698842016274207e-05,1
-4.910815362431247e-05,1
-1.036276553715748e-05,1
-3.581865814926758e-05,1
2.7960222794667392e-05,1
-1.9912087715003635e-05,1
1.6695023177391958e-06,1
-2.905685132557709e-05,1
-8.385011608005008e-05,1
-6.87926962456604e-05,1
5.344007192613173e-05,1
2.572045029910472e-06,1
-5.409617548157822e-06,1
-6.00684366985517e-05,1
0.000105846675603438,1
-0.00012733601397606548,1
-9.762799604469493e-05,1
-6.0175290085026826e-05,1
-3.008190221417474e-05,1
3.938421901106913e-06,1
8.710847555372672e-05,1
-0.00013458041055674846,1
1.6019352407625343e-05,1
2.0236553408479325e-05,1
4.855908125121467e-05,1
-6.654416785255413e-05,1
7.45021311406763e-05,1
-2.2016127342594816e-05,1
8.341431200522329e-05,1
8.349678973880509e-05,1
-2.1619336300699112e-05,1
-6.396282943994317e-06,1
-4.4687826315655624e-05,1
-2.510664514114349e-05,1
8.255166314780463e-06,1
-9.387516992162028e-05,1
4.1156412835750046e-05,1
-6.71221740445048e-05,1
-4.649379734137259e-05,1
-2.227630533395266e-06,1
-7.086346757386458e-06,1
4.9771496780063505e-05,1
-9.889334593771973e-05,1
4.055762204724014e-05,1
-3.61316229167114e-05,1
-7.433594027253266e-05,1
6.922926482822491e-07,1
-2.8460240144206645e-06,1
-4.3383746319347496e-05,1
-3.309651369545304e-05,1
3.84134524385883e-05,1
1.9510544339511686e-05,1
2.5965080110688854e-06,1
3.181233962539332e-05,1
-5.608708825261179e-05,1
1.1513792537407832e-05,1
-6.885513661399775e-05,1
5.4272630184049724e-05,1
-0.00010049704058306029,1
-1.1721423162253795e-05,1
-5.010727224873368e-05,1
-3.2048942219630025e-05,1
-1.4397121960027528e-05,1
4.738669388705762e-05,1
-3.142301991347264e-05,1
4.9348143433349205e-05,1
7.668126482431532e-05,1
-3.369535890699706e-05,1
1.7701703543354697e-05,1
4.455804785526172e-06,1
2.933452562524523e-05,1
7.402409211568621e-06,1
-2.713742512831214e-05,1
5.9234799025159665e-05,1
1.3706516999346761e-05,1
7.905268812569975e-05,1
9.059659833881884e-05,1
4.352466784098989e-05,1
2.2682569361129797e-05,1
8.556403157191966e-06,1
6.045923414425944e-05,1
6.936607929758483e-05,1
-4.276668867973103e-05,1
7.617879665193856e-05,1
-3.619352620837182e-05,1
2.5439671126088085e-05,1
6.128764098499762e-05,1
2.887050410845205e-05,1
-1.866488441076013e-05,1
8.658461735825066e-05,1
5.9768261378287674e-05,1
-4.082410890266337e-05,1
8.453350784469509e-05,1
4.6803419673630224e-05,1
-0.00010200185128437162,1
1.0678479990995265e-05,1
-1.0566385320402616e-05,1
7.737065646972973e-05,1
1.379511661604865e-05,1
6.413113633708725e-05,1
6.839259122530152e-06,1
7.68275515150421e-05,1
-2.4009083495535003e-05,1
-2.2412078222179315e-05,1
1.766320213156569e-05,1
2.902011047762154e-05,1
2.1216709279011163e-05,1
-2.2685650403932654e-05,1
-3.0338718401874457e-05,1
-2.7957349842314762e-05,1
7.241500479201157e-05,1
7.674089964081599e-05,1
-3.933326857141341e-05,1
-0.00014346727738409726,1
-7.354590943751954e-05,1
1.8752247551390085e-05,1
1.4134321441667809e-05,1
9.887598605136657e-05,1
3.100957228270567e-05,1
3.5973468908749614e-05,1
3.818379068066438e-05,1
-2.072107264857136e-05,1
-2.0586480630553388e-05,1
8.859780805966916e-06,1
3.970709832560326e-05,1
-4.447006403530711e-06,1
-6.054021266796614e-05,1
-2.7508810984624627e-06,1
-9.012964678802554e-05,1
8.908114958448535e-05,1
0.00012585074681365911,1
-5.901525574178673e-06,1
2.559258887120809e-05,1
2.697718566077894e-05,1
4.413824951117696e-05,1
-2.0355919714806596e-05,1
5.199982379529846e-05,1
-2.623152684948515e-05,1
-4.6370449556015107e-05,1
1.9599600389467258e-05,1
-1.2616266213797713e-05,1
4.0503957272287766e-05,1
5.964552236079748e-05,1
-7.767583003870475e-05,1
-3.322797367219306e-05,1
-0.00011461179891432394,1
4.714250766952853e-06,1
8.935200876519934e-05,1
6.831260332984772e-05,1
-5.797791113954369e-05,1
1.9226980465055852e-06,1
-0.00012785307050912044,1
9.748433430309015e-05,1
-1.7418315077967055e-05,1
-1.3524670886082624e-05,1
-0.00010730244299659944,1
-8.604103381522685e-05,1
-1.6466931385234306e-05,1
5.1399780188432136e-05,1
0.00011786693219369132,1
-3.868838171720917e-05,1
-0.00021108248137658215,1
9.772748510562508e-05,1
2.6133127628066235e-06,1
0.00010363206522468461,1
8.133974851503721e-05,1
-5.1532708454135885e-05,1
-5.590421586493689e-05,1
-5.3138358032521455e-05,1
4.676876832598438e-05,1
3.2548537433184145e-05,1
9.92463066086269e-05,1
-9.245076217374046e-05,1
6.534769538175235e-05,1
3.385470883217248e-05,1
-3.6824468663179274e-05,1
1.367998448812168e-05,1
5.0090498470643156e-05,1
3.463025884614789e-05,1
-3.0276065172649784e-05,1
-7.224209057759886e-06,1
2.4308557501108522e-05,1
-1.3235816952447776e-05,1
-3.3644480625863705e-05,1
1.8179355876863267e-05,1
2.6759763645811627e-05,1
2.6565394291386447e-05,1
2.695563683603005e-05,1
-0.00010329005607114052,1
4.13413375755025e-05,1
-2.3608873087418892e-05,1
-3.575992379405635e-05,1
6.91792970824512e-05,1
4.3665554900865454e-05,1
7.032607870669554e-05,1
-4.69532462954945e-05,1
-2.2695208322461117e-05,1
2.113267932027294e-05,1
4.799830875619813e-05,1
1.3837068521988581e-05,1
1.2944622305794596e-05,1
-891.8617937622374,1
-888.9306557860468,1
-886.0146221686932,1
-883.084333819755,1
-880.1588508015291,1
-877.2418812254203,1
-874.320546918861,1
-871.4007961150971,1
-868.4774385904963,1
-865.5583133638825,1
-862.6459517722892,1
-859.7311886967917,1
-856.8152785510601,1
-853.9088977372323,1
-851.0012890392532,1
-848.0936420657785,1
-845.1809136481246,1
-842.282402528081,1
-839.3819080758232,1
-836.4735581142078,1
-833.56991333241,1
-830.6699947159614,1
-827.7691451660851,1
-824.8777822963955,1
-821.9805974381668,1
-819.092414785355,1
-816.1985022384805,1
-813.30854436411,1
-810.4161668134794,1
-807.5334946680663,1
-804.6517230757502,1
-801.76230122206,1
-798.8832955192441,1
-795.9990417841905,1
-793.1196571373086,1
-790.2401714683322,1
-787.3629549107577,1
-784.4911175613524,1
-781.6043930406505,1
-778.7354283025079,1
-775.8719183612668,1
-773.0014948177679,1
-770.1410181264656,1
-767.2727103975299,1
-764.4075664644517,1
-761.5373026848953,1
-758.676138211692,1
-755.8170040167773,1
-752.9615670249414,1
-750.1098633197323,1
-747.2483538316816,1
-744.3973665780567,1
-741.551478454666,1
-738.7008752659166,1
-735.8508506508344,1
-732.9963876550527,1
-730.1567171429388,1
-727.3054222943285,1
-724.4684283675721,1
-721.6287585091043,1
-718.789593957504,1
-715.961733561441,1
-713.1193562855412,1
-710.2926615977561,1
-707.4577256132486,1
-704.6280337608564,1
-701.7993846538088,1
-698.9692413761151,1
-696.1432880401029,1
-693.3238310554686,1
-690.502713643971,1
-687.6877248151874,1
-684.8592408342453,1
-682.0369015275429,1
-679.2349126822049,1
-676.4053384736642,1
-673.6018669576578,1
-670.7970904767848,1
-667.9795395865502,1
-665.1792475823693,1
-662.3730920644523,1
-659.5709156556276,1
-656.7722869385308,1
-653.9674884041502,1
-651.1659113344953,1
-648.3689119046331,1
-645.57478955231,1
-642.7908774194096,1
-639.999932178402,1
-637.2109825681705,1
-634.4171300356604,1
-631.627951167887,1
-628.8494615219241,1
-626.0685648423581,1
-623.2862040278951,1
-620.5136227055547,1
-617.7305217630277,1
-614.9639633162003,1
-612.1781321071514,1
-609.4091278166517,1
-606.6412541910211,1
-603.8781593702633,1
-601.117076115482,1
-598.3489475772961,1
-595.588687037215,1
-592.8312955953938,1
-590.0704753004637,1
-587.3088911436283,1
-584.5627623620229,1
-581.8131849439727,1
-579.0515080518907,1
-576.3166217884761,1
-573.560778709965,1
-570.8093307003141,1
-568.0660617386364,1
-565.3259724377916,1
-562.5943008150434,1
-559.8575699915275,1
-557.1218150939081,1
-554.3884510901061,1
-551.6602198566451,1
-548.929042264187,1
-546.1967424068541,1
-543.4704314513727,1
-540.7527189324127,1
-538.0342760786226,1
-535.3096402359869,1
-532.5906674469287,1
-529.8807112657063,1
-527.1774270924524,1
-524.4493418838762,1
-521.7368474715605,1
-519.043801283958,1
-516.3339209992674,1
-513.6265170408516,1
-510.93387000699687,1
-508.2264994586078,1
-505.5267403177227,1
-502.84148190681685,1
-500.1477749490325,1
-497.4595271169907,1
-494.7720349252196,1
-492.0816026473853,1
-489.40071766323484,1
-486.72178297953985,1
-484.0355093713724,1
-481.35888918116393,1
-478.67707488116673,1
-476.012476635951,1
-473.34021875781144,1
-470.67529710610876,1
-467.9982270711645,1
-465.3432048201768,1
-462.6828974163587,1
-460.019319284821,1
-457.35996314434806,1
-454.7028647837125,1
-452.0504463086903,1
-449.40246039878315,1
-446.74734457821654,1
-444.09796426048786,1
-441.465710938531,1
-438.81705910844386,1
-436.18121535338844,1
-433.5376377484946,1
-430.91703084984874,1
-428.27248022138366,1
-425.644407390501,1
-423.0188311569122,1
-420.392042427248,1
-417.7639046878008,1
-415.14613386420666,1
-412.5320954521592,1
-409.9146202908167,1
-407.30077836564897,1
-404.68908104744145,1
-402.0768095348498,1
-399.46876033033163,1
-396.8694919028937,1
-394.2733302089289,1
-391.6714004594894,1
-389.080160825808,1
-386.48350058854805,1
-383.8881222235127,1
-381.29826395109603,1
-378.71859766929646,1
-376.1321451057258,1
-373.54626238607864,1
-370.97160303039345,1
-368.402729048621,1
-365.8291130163007,1
-363.25860402547363,1
-360.6924626516865,1
-358.1171415780612,1
-355.5637559907159,1
-352.99852956875884,1
-350.44410889064767,1
-347.88461396253837,1
-345.34017814899033,1
-342.78764690669624,1
-340.24077654553287,1
-337.6950348595875,1
-335.1633763852943,1
-332.62754117664184,1
-330.0800621755545,1
-327.5497204499306,1
-325.01342535282294,1
-322.49781089976983,1
-319.97028389632106,1
-317.4498598149764,1
-314.9282696187569,1
-312.42049055516225,1
-309.8983888718487,1
-307.39622217616744,1
-304.88923420479756,1
-302.3880484743867,1
-299.8911006204413,1
-297.3903519833549,1
-294.8920319710702,1
-292.40133477614535,1
-289.90936710702005,1
-287.4291249485977,1
-284.95361763186133,1
-282.46927692017624,1
-279.9886095568298,1
-277.52152582295275,1
-275.0504795168008,1
-272.5814840245545,1
-270.1165803312245,1
-267.6614971894848,1
-265.1979692506081,1
-262.75086810774405,1
-260.2976438183605,1
-257.8475315312436,1
-255.41280077017564,1
-252.97145569629296,1
-250.53069221346678,1
-248.10116738460357,1
-245.67008081398492,1
-243.24280711541633,1
-240.8218684639689,1
-238.4024382644124,1
-235.98998286827845,1
-233.56809091430105,1
-231.172409316734,1
-228.7602531553551,1
-226.35460221279754,1
-223.95515058340385,1
-221.57596214720698,1
-219.18598171875456,1
-216.79176481361438,1
-214.40608957316803,1
-212.02845528832907,1
-209.65292872611857,1
-207.28490083637107,1
-204.91162784463586,1
-202.54949868459553,1
-200.18952901852936,1
-197.82540637241507,1
-195.47788438843315,1
-193.12970424899072,1
-190.7943894760031,1
-188.44942831230614,1
-186.11829995886367,1
-183.77939918116311,1
-181.46129140327304,1
-179.12502478077977,1
-176.81677461613455,1
-174.49899276900214,1
-172.1863444756671,1
-169.8873621632612,1
-167.57968940064308,1
-165.28395907308084,1
-162.99665384945524,1
-160.70764659281045,1
-158.42803283822863,1
-156.14587817426317,1
-153.87132020202938,1
-151.61289235946748,1
-149.33734237702456,1
-147.07640582836137,1
-144.82983314548503,1
-142.57881810260972,1
-140.32839851838372,1
-138.09935563513497,1
-135.8552155915862,1
-133.63148614703164,1
-131.41271930996442,1
-129.1906043845718,1
-126.97982193492722,1
-124.76740934834906,1
-122.56470716909072,1
-120.3670387586829,1
-118.17990309591244,1
-115.98390346046742,1
-113.80907798604116,1
-111.63878294761707,1
-109.46851735092648,1
-107.3094909263162,1
-105.16076726342673,1
-126.36357586496433,1
347.56136801536354,1
345.37236071817756,1
343.1815159024134,1
341.01089550449234,1
338.8367600431147,1
336.68106554399316,1
334.53836980218654,1
332.40299881418315,1
330.2792348688165,1
328.16286318578744,1
326.06847654415117,1
323.96162826703613,1
321.87994403020167,1
319.7991320610636,1
317.7440974670403,1
315.6803206777497,1
313.6368770156505,1
311.599826415373,1
309.56991074277494,1
307.56573684062886,1
305.5538101196416,1
303.55955493912245,1
301.56967041100705,1
299.5892668278844,1
297.635379558924,1
295.67264059756826,1
293.720541693493,1
291.7893505525458,1
289.8589938547808,1
287.94010771869785,1
286.0271926375946,1
284.13141528723696,1
282.23925690154715,1
280.3609545372432,1
278.4893561167823,1
276.636645153395,1
274.7812270104453,1
272.93985446542433,1
271.1089541789167,1
269.27829538702395,1
267.4702786636927,1
265.65995626558095,1
263.8720467012118,1
262.0793932323038,1
260.2972297631152,1
258.5406104074743,1
256.77659487836314,1
255.02664589596853,1
253.29185808487463,1
251.55457516520872,1
249.84048424056732,1
248.1223124816891,1
246.41718396251656,1
244.7318797091862,1
243.03884874091383,1
241.35770118269082,1
239.70140785747083,1
238.03858770962964,1
236.39116772397733,1
234.74696458853722,0
233.1096452382688,0
231.4878885213332,0
229.88326825628408,0
228.27184914362178,0
226.67844983774245,0
225.09238407262708,0
223.51280196111534,0
221.9388154257927,0
220.38120538490338,0
218.82304686396304,0
217.28296436700975,0
215.7447346109702,0
214.2080194747351,0
212.68924954808725,0
211.18282545841728,0
209.67882557045544,0
208.18948962593655,0
206.69880462375193,0
205.2206638662827,0
203.75505613625737,0
202.3022616531415,0
200.84470515874708,0
199.39702970093833,0
197.96228932291828,0
196.54157081406834,0
195.11843728769537,0
193.71276681934023,0
192.29577324335256,0
190.90817038129413,0
189.52061907644338,0
188.14150767990162,0
186.76827052098085,0
185.40939812404866,0
184.06572114663825,0
182.71080209088095,0
181.36935994898346,0
180.03575490058736,0
178.71962181024426,0
177.39607703688472,0
176.10037578155257,0
174.80555898163976,0
173.49883786401622,0
172.21520889229896,0
170.9375844300253,0
169.6810468548043,0
168.42364752877816,0
167.16452851262312,0
165.91908885032967,0
164.67849794337312,0
163.4458586342231,0
162.2214097764725,0
161.01121022097894,0
159.80003241694791,0
158.60005860448757,0
157.41275157414344,0
156.21593040566023,0
155.03617609860515,0
153.87147671593704,0
152.7146357523101,0
151.55023714211904,0
150.39991948732882,0
149.26013627250472,0
148.1199581556156,0
146.9903673161876,0
145.87104805734427,0
144.75252216627575,0
143.65490149585176,0
142.5520600870335,0
141.46194959088032,0
140.36892157661015,0
139.2885374627494,0
138.22171866205446,0
137.15855043561027,0
136.09997096963593,0
135.048224283429,0
134.00128929764395,0
132.95566603750646,0
131.93197009226665,0
130.91124301411972,0
129.89091136725307,0
128.88033591681526,0
127.87078408919682,0
126.86912055246388,0
125.87931008509051,0
124.90298660781235,0
123.92331134120802,0
122.95046293610267,0
121.98434371638974,0
121.02145819530233,0
120.07546313506442,0
119.11989035495579,0
118.18017462173019,0
117.25110760502139,0
116.32025153841771,0
115.40060286315604,0
114.48408065373344,0
113.56705308327861,0
112.67448495725493,0
111.76950694319554,0
110.8783202399419,0
110.00256560645464,0
109.12332611622183,0
108.24306374981195,0
107.38007402158574,0
106.51878701204264,0
105.66130409356286,0
104.8166749118227,0
103.96869242693492,0
103.14349017113841,0
102.3035115940011,0
101.48219166117403,0
100.65920664218099,0
99.83717805969435,0
99.03138069414265,0
98.23199701270119,0
97.42969081761721,0
96.64686704333634,0
95.86020236439701,0
95.07993462991392,0
94.2981213018222,0
93.53164580605637,0
92.77471272950498,0
92.011594630336,0
91.25129046399697,0
90.50832606624917,0
89.75624928080838,0
89.02851554848232,0
88.2916951613382,0
87.57099238344014,0
86.83803233258097,0
86.13141149648399,0
85.42095705530684,0
84.71209286682881,0
84.01092527951606,0
83.30652601429477,0
82.62187697571085,0
81.94137503747704,0
81.26114667625507,0
80.57930172119039,0
79.90729786288688,0
79.2425035528187,0
78.58141686669654,0
77.91948689036444,0
77.27106603858276,0
76.62485745014722,0
75.97702518514721,0
75.35292244325814,0
74.71075492088343,0
74.08731613894813,0
73.46445949012333,0
72.849270068719,0
72.2305683912701,0
71.62282332381983,0
71.01783743360885,0
70.42524644227304,0
69.81921330203835,0
69.22723430216277,0
68.64007107228807,0
68.06016914289553,0
67.48369744951033,0
66.90855934835356,0
66.34013548815501,0
65.78499925472754,0
65.22094081146274,0
64.65630161328467,0
64.11310414258134,0
63.556208692178906,0
63.018913221871074,0
62.485305656459055,0
61.93845492759218,0
61.407424756195695,0
60.88251834485793,0
60.35999163215144,0
59.84069364819571,0
59.33093326245607,0
58.81748526463422,0
58.31073409138553,0
57.811123854133996,0
57.31258558484164,0
56.811748239681336,0
56.325658379575536,0
55.83179694979689,0
55.34666305291267,0
54.863198690130545,0
54.399113122861166,0
53.92523749288903,0
53.448866927333434,0
52.990660715473716,0
52.52825092396685,0
52.0682512221071,0
51.61769299519506,0
51.16538536700425,0
50.719570452819355,0
50.2783118430348,0
49.837888044556664,0
49.402823816455324,0
48.96886474837379,0
48.54206423024476,0
48.11021547619783,0
47.688855734353744,0
47.26891883870672,0
46.86319525613986,0
46.43941219153761,0
46.04400674865328,0
45.63363755894943,0
45.229599125696716,0
44.83503000941143,0
44.43402254880989,0
44.0359783263957,0
43.64893923299409,0
43.26121373439258,0
42.876796197932165,0
42.50162982918868,0
42.11914641560362,0
41.75015765278423,0
41.38254771674427,0
41.01226834809049,0
40.64880403345057,0
40.28821753682748,0
39.92907295420483,0
39.56783048123456,0
39.22228423347088,0
38.867625991248985,0
38.51564595808173,0
38.18486676496554,0
37.84523924323059,0
37.49923136629099,0
37.15514953047072,0
36.82976817162715,0
36.50257998207796,0
36.17517116051838,0
35.84753907268935,0
35.51983929534222,0
35.21888714250853,0
34.89590491011839,0
34.57739531183756,0
34.262941428915745,0
33.960986640248805,0
33.649760240145596,0
33.35201512132776,0
33.04522981075756,1
32.75424423110314,1
32.45191217379346,1
32.15921703361049,1
31.871052747477382,1
31.579036418703986,1
31.28808307201398,1
31.01439893314553,1
30.731106847469686,1
30.45014876512315,1
30.165731928450352,1
29.904150171336813,1
29.63418347735246,1
29.359598109490154,1
29.086589297187466,1
28.82744284730886,1
28.563970327727755,1
28.302798181209035,1
28.037987909008727,1
27.792380410694783,1
27.541455226266468,1
27.279901257752538,1
27.027915121448153,1
26.78668741367691,1
26.534791915489517,1
26.30016566138706,1
26.057598698426553,1
25.81652151822368,1
25.579495991854053,1
25.348067054952182,1
25.11929395921567,1
24.890238417171684,1
24.66010006910283,1
24.42924896068507,1
24.213661699600028,1
23.978171951762718,1
23.762665716287124,1
23.539331852446452,1
23.333607999771353,1
23.10723810283678,1
22.902354344463824,1
22.688403154973894,1
22.47952139653677,1
22.273531015818975,1
22.06774882033244,1
21.861449826649945,1
21.666791873909432,1
21.460472611449088,1
21.25880983219805,1
21.06089876838719,1
20.8691390130705,1
20.686143201566004,1
20.47619166142732,1
20.291555480728228,1
20.111291640725547,1
19.918600210545065,1
19.73306113954327,1
19.548769889351473,1
19.365824055899584,1
102.34167562686325,1
-482.5605819720494,1
-479.8769262093117,1
-477.21005409646176,1
-474.5262741706208,1
-471.856622852987,1
-469.20155576771253,1
-466.53057336641035,1
-463.86931398171583,1
-461.2149572796812,1
-458.5509786951331,1
-455.88980378997394,1
-453.2392377310159,1
-450.59116949026236,1
-447.94119466222776,1
-445.2869118899292,1
-442.63643716775925,1
-439.9969777073845,1
-437.35899041900734,1
-434.7178283363132,1
-432.08628857010115,1
-429.44860333208817,1
-426.81846719094847,1
-424.18761438251045,1
-421.56635082175234,1
-418.9400628540024,1
-416.3237070266826,1
-413.6976007722923,1
-411.0798470867217,1
-408.4720045041383,1
-405.8594060308904,1
-403.2512698588622,1
-400.6414617288635,1
-398.03500271781155,1
-395.4347139688289,1
-392.82835505938647,1
-390.23491210946815,1
-387.63560690243776,1
-385.0519686369676,1
-382.4551690345947,1
-379.8703886224208,1
-377.2927889869588,1
-374.70713382906825,1
-372.1320831733639,1
-369.5499729166568,1
-366.9799313859648,1
-364.39830832615496,1
-361.8389237040045,1
-359.26830500342214,1
-356.7103257356789,1
-354.14303687494356,1
-351.59180361965014,1
-349.0316580092695,1
-346.4791311584203,1
-343.93382106352345,1
-341.3772400353173,1
-338.8395084898819,1
-336.2880615803888,1
-333.7493022118638,1
-331.2193818303129,1
-328.6829294612142,1
-326.1517153928825,1
-323.6196609086173,1
-321.099012223655,1
-318.58060190575685,1
-316.0578597105574,1
-313.5413967329666,1
-311.0280172728564,1
-308.52363458344456,1
-306.0071664613079,1
-303.51293726063284,1
-301.00002677040135,1
-298.49661650767496,1
-296.008049891466,1
-293.5229087185784,1
-291.0281628657852,1
-288.53726187592633,1
-286.0602636992766,1
-283.5818162084122,1
-281.09445205782436,1
-278.62968492051965,1
-276.1475101467324,1
-273.69138277367347,1
-271.2210975566426,1
-268.757940153886,1
-266.29671993871176,1
-263.85346962819784,1
-261.3956479001735,1
-258.9511959773207,1
-256.5007352290558,1
-254.05780589624868,1
-251.62029179933333,1
-249.19259055280418,1
-246.76024472430055,1
-244.32776657699517,1
-241.90619520249277,1
-239.4804016462873,1
-237.06368942639367,1
-234.65285529354216,1
-232.2430937124383,1
-229.83780737739292,1
-227.4310754527526,1
-225.02697550582772,1
-222.63715386396365,1
-220.24643534954973,1
-217.8610339533039,1
-215.4628629484077,1
-213.08400493042615,1
-210.7089532697011,1
-208.34097720199082,1
-205.9707635705353,1
-203.60905452441347,1
-201.2402198595349,1
-198.88917018816656,1
-196.5331679314942,1
-194.17892967159435,1
-191.8376149227783,1
-189.4990480188095,1
-187.1578337896423,1
-184.82880817142922,1
-182.49504340994847,1
-180.18601817464804,1
-177.84780019780763,1
-175.54753390334315,1
-173.22830413240325,1
-170.9306343372674,1
-168.6248234597457,1
-166.3221790736587,1
-164.02797242932286,1
-161.74003489136365,1
-159.4574692794469,1
-157.18203618399886,1
-154.900023375925,1
-152.6305897410519,1
-150.36022241104857,1
-148.09726265212277,1
-145.85009314173203,1
-143.59083267623956,1
-141.34530163359756,1
-139.10742497500337,1
-136.87349078756955,1
-134.64173960828603,1
-132.40744928376944,1
-130.1890475883382,1
-127.97765572412474,1
-125.76988687416146,1
-123.55794636060519,1
-121.3580016971753,1
-119.1760757471855,1
-116.98132379291513,1
-114.7992506524531,1
-112.61348153185546,1
-110.44862810752396,1
-108.28952834479485,1
-106.12971842667108,1
-103.9821605551358,1
-101.82916948706165,1
-99.69139356152537,1
-97.55813646209393,1
-95.42715547808436,1
-93.30750414578083,1
-91.18682655680004,1
-89.09053717285902,1
-86.98889886705868,1
-84.88558082164784,1
-82.80838386509228,1
-80.73276893497876,1
-78.65017336770542,1
-76.58343273137231,1
-74.53410844751684,1
-72.4791141446777,1
-70.44159666291735,1
-68.40867157660614,1
-66.38175570739818,1
-64.36675253565559,1
-62.356609671570304,1
-60.361296883608894,1
-58.37086434192498,1
-56.39255053491737,1
-54.40692481899814,1
-52.44844966495084,1
-50.50089872956785,1
-48.55964138705743,1
-46.644238664712304,1
-44.72764271771059,1
-42.82579701351456,1
-40.91734634861782,1
-39.02949572889535,1
-37.14999170471161,1
-35.2792588792905,1
-33.41855171328448,1
-31.577115424359878,1
-29.751247859126597,1
-27.93997834553493,1
-26.138458000831594,1
-24.348204128835043,1
-22.581829900290057,1
-20.82657195695457,1
-19.088944857855072,1
-17.362181362115525,1
-15.659415805642963,1
-13.971591521143718,1
-12.307624446599688,1
-10.656603281946783,1
-9.040916922195631,1
-7.433391754280274,1
-5.8471421517926245,1
-4.276938608113999,1
-2.7058201467613707,1
-0.9657174467078962,1
-0.017699958730603465,1
-0.0038414337889031086,1
0.005971424168259039,1
-0.0021896291101735498,1
0.000982984569066243,1
-0.0004428415199028672,1
-0.005347001903553008,1
0.0009576049968333626,1
-0.001606434564795868,1
0.005600249995394311,1
-0.0054132144265111835,1
-0.0003349334789955804,1
-0.0012640867892996168,1
0.002356170088049928,1
0.0057228295720189466,1
0.002685602402959294,1
-0.0011690431981531899,1
-0.0023299528208420117,1
-0.0008097784818670133,1
-0.006205349620103789,1
-0.001552640256386465,1
0.0005285264909406827,1
0.0030650720635053085,1
-0.0008326857741865614,1
-0.0006723336142081376,1
0.0016239311015420156,1
-0.0013651946057698931,1
-0.0015924049277356994,1
-0.0034450740810362634,1
-7.700687413295466e-05,1
-0.0017608907737548763,1
0.007684335463111256,1
0.0032198959693650504,1
-0.0012479952726622207,1
0.0011098216951573455,1
-0.0007695579631920897,1
-0.003044281400323717,1
0.0043230698475352,1
0.004756907247821461,1
-0.0010448218221281614,1
0.001531676653947666,1
7.432065008145211e-05,1
0.004428975275246665,1
0.0012487076820003953,1
0.0013466742002760223,1
-0.00646035225545917,1
0.0006331076907645046,1
0.0006498865715864019,1
-0.0034232645773015127,1
0.0028222722725596253,1
6.501162268580992e-05,1
-0.0009458358206968086,1
0.004010369314981565,1
-0.001420060450714082,1
-0.0022011081392754274,1
0.0014625136388707117,1
0.0030398222631571313,1
-0.0005698362594004562,1
-0.0042173679123914155,1
0.0033801279976588845,1
-0.002008221250466402,1
0.005152858427153611,1
-0.004458605207390706,1
-0.000940828241505303,1
-3.286032531365315e-05,1
-0.0034041597766627913,1
0.0014157757008709728,1
-0.0009562419625021671,1
-0.0023305665605382587,1
-0.0045540827172915995,1
-0.0005652965488844089,1
-0.008797716517834415,1
0.0011607842390220565,1
0.0019535886351405617,1
-0.004998841783461423,1
0.000575849599320167,1
-0.0008993462905152924,1
0.0005888370102429304,1
-0.0015122662673437567,1
3.688774858306277e-05,1
0.0042725099769917,1
0.0031068607762985293,1
-0.003106059424470424,1
-0.003082112926636745,1
0.004761190349246663,1
0.00041946382815361233,1
0.00251183621297265,1
-0.0010399723778066257,1
0.0054782139488434994,1
0.0020060340445972897,1
-0.001726924493525545,1
-0.0017420338039771362,1
-0.004334320060375045,1
0.0019384611396408237,1
0.0023770559547979194,1
-0.0016605931113191118,1
0.003077231062395194,1
-0.0011034176627598754,1
-0.0024497796269968525,1
-0.0019051372485623548,1
0.0018731732303099585,1
-0.0018730011589250125,1
0.0003034912347534649,1
0.0004225580455547987,1
-0.00013481691113306237,1
0.0004567731096598139,1
-0.0008756894773014538,1
-0.0033627550771053298,1
0.001390400689724114,1
-0.0007908430745794941,1
-0.0007036839823378048,1
0.0009142640317837569,1
-0.0026197827242145544,1
-0.0015692024326916239,1
0.0005899135333779831,1
-0.0013012106689404932,1
-0.002871739913126233,1
-0.0064792431160544395,1
-0.0010468744545741075,1
-0.000753520296099894,1
0.002082796447146074,1
-0.0019974042548994647,1
0.00042131656064469357,1
-0.001126534673054393,1
0.0020109993455607552,1
-0.002352947838918748,1
-0.00230569161729926,1
-0.0012757879148517421,1
0.0032182523228415287,1
-0.0037484411997471467,1
-0.0036952105107869496,1
-0.0011418389107150687,1
0.00292555275521497,1
0.0013891019630933466,1
-0.003489080423658784,1
0.0007160537546744497,1
-0.002912020451730057,1
-0.0034189272841672383,1
0.0007595173802212936,1
-0.004143166481943233,1
0.003507513724371344,1
-0.001853398288376068,1
0.0008618535054320748,1
0.0005515297996326947,1
0.004318238282508945,1
0.004274044665920428,1
0.0013241143004558795,1
-0.003926752841790159,1
4.490363123261695e-05,1
0.0027608441598533763,1
0.001383015738347687,1
6.843699485506879e-05,1
0.000656452178058651,1
-0.003114868095785599,1
-0.003603140533552601,1
-0.004675526717916539,1
0.007742018049048646,1
-0.0017792123840048816,1
0.000170743348155379,1
-0.002885575573853421,1
0.003548319175075322,1
0.0014652797633424766,1
-0.004851727980856401,1
0.0008551554928217089,1
0.0002606239492606606,1
-0.00024169115935121055,1
-0.002530457907017694,1
0.0012376991339278771,1
0.0031000220012894833,1
0.0005359798185073398,1
0.0018530439145065516,1
-0.0015927288216866706,1
0.0029729852627169047,1
-0.0040154762611827,1
-0.0025909880485875314,1
-0.0004962014806878006,1
0.0011733466418600155,1
0.00012447958484699162,1
-0.0005593741506352275,1
-0.0009969558414838922,1
0.0014786180018790723,1
-0.0012606154993835535,1
-0.0036148339277478265,1
-0.0009720014743730592,1
0.000516982091065961,1
0.005105779958030839,1
0.002665504439406017,1
0.0006217713761778081,1
-0.00010183284794672096,1
-0.0016135474904327293,1
0.0017748585616886316,1
0.002191273622778743,1
0.00201921850580641,1
-0.002127882393018872,1
0.0005323661037806824,1
-0.001207153344118541,1
0.00396870390770166,1
-0.0026943314631033273,1
-7.466282263898175e-05,1
-0.001157743155129263,1
-0.001690017926632069,1
0.0014882256070551584,1
0.0018796715785239478,1
0.002354979759106013,1
-2.4108410543826733e-06,1
-0.0005108041753755824,1
-0.001781648685084646,1
0.0013581390470685313,1
0.0020394153097960596,1
-0.00417527091448942,1
0.002905056543644673,1
0.0009514990814399973,1
-0.0024918465083575815,1
-0.004134983853090185,1
-0.00220705999296121,1
-0.0013959743176302772,1
0.0034275264421640807,1
-0.0008371210700073414,1
0.00015767651479493968,1
-0.0023387446014370237,1
-0.001099929880956477,1
-4.912571566301384e-05,1
-0.0015694098456985478,1
-0.0033916763812758904,1
0.0005054502441449556,1
0.0007892482954651225,1
-0.0010203789854458807,1
0.00479749506232672,1
-0.0030083875673131894,1
-0.002605879430175511,1
0.003930353922881927,1
-0.0038569048343783433,1
-0.0032915411029130837,1
-0.0011942311542305923,1
5.528152324230407e-05,1
-0.0007444888178903623,1
0.0008040722178125993,1
0.001739134648992922,1
-0.0008380950427293924,1
0.0025043311603900487,1
0.0031467485991479973,1
-1.886572521031904e-05,1
-0.000610180698955929,1
-0.003434289160650274,1
0.004866842955480664,1
0.0053050786113353066,1
0.004533496355053161,1
-0.0023255257790693097,1
-0.0012964328207441056,1
0.0012647644251777277,1
0.00027212610038418195,1
0.0010957037599181524,1
0.001300715332144907,1
0.007712471912945202,1
4.090950211918886e-05,1
0.0012304382946472833,1
0.001717694922742926,1
-0.0008337460994244127,1
-0.004003850572058191,1
-0.00013007766989208688,1
-0.0019533523453439134,1
0.0012223024475617314,1
-0.0027685050342690695,1
-0.005082487505567668,1
-0.0005782891041174558,1
-0.0008210370025400645,1
4.8541245113556766e-05,1
0.00019461584775591457,1
0.0033825446058760042,1
0.0009732253903219383,1
0.0013188986535898433,1
0.00027233610362756256,1
-0.0037861008123278184,1
-0.0015538043581462245,1
0.00022347690946601784,1
-0.0019984643118644086,1
0.002369771627204642,1
-0.0008232561651520333,1
-0.0030551674739837113,1
0.007007703552813825,1
0.0019283325387261722,1
0.0019088440074982098,1
-0.0003853353562916272,1
-0.0025456793926922133,1
0.00021665296509472938,1
0.0034888000632403017,1
0.0021933886315626083,1
-0.0022848040583604927,1
0.00020078660482800864,1
0.003478852287433945,1
0.00024233186738061274,1
0.0008688903167626812,1
-0.00032562130731889283,1
0.0010384563221445108,1
0.0012309817485120923,1
-0.00655859093362386,1
-0.0005936767088910148,1
-0.002895782081751184,1
-0.0010315974890698558,1
-0.0021398455026656166,1
-0.0005110245606152843,1
-0.000390567476735947,1
0.0030035088264359347,1
0.0017978418765428345,1
0.004147504500384815,1
-0.0014148425219557576,1
-0.0009671735270810973,1
-0.0003255739562889536,1
-0.0010817196245994478,1
-0.0005916878317452391,1
-0.00538681718371878,1
0.0016426815662096248,1
-0.0035719226047784434,1
-0.0004726121626847008,1
0.0010826393534736215,1
0.003685421011808277,1
-0.0006621950217105265,1
0.002995129857054418,1
0.0013621459562796357,1
0.0022024960041728318,1
-0.0036300449111612773,1
0.0034673199328606494,1
0.006445181328698558,1
-0.0014004795212716479,1
0.0037947642772095474,1
0.0011770782375307503,1
0.004857122170761547,1
-0.005465511622367466,1
-0.00015159424418513678,1
0.005177964365725152,1
0.002593612888256925,1
-0.004447134751259568,1
-0.001006898048987884,1
0.004992314109835136,1
0.0008262373128468904,1
0.0004138602590141927,1
-0.009192305581072976,1
-0.0010598688051991635,1
-0.00043126173497262806,1
-0.0012412513747094578,1
-0.003082826011409085,1
-0.0032527233609557574,1
-0.0026910646529254706,1
-0.0031992246154624896,1
0.0010643900830735432,1
0.0013975163509166895,1
-0.001091558968993885,1
5.6117708599936186e-05,1
0.0077330670352913555,1
0.00020863079614601802,1
1.2465797842132574e-05,1
-0.0047282326469995015,1
-0.0031599999810546543,1
-0.006171722938943289,1
-0.004445923717042506,1
-0.0003946526035548744,1
-0.0007421330775305002,1
0.00112154102422397,1
-0.004689161820389674,1
-0.002636205194474935,1
0.0018121844732726525,1
-0.0031212281992320126,1
-0.003420018797010767,1
0.0036626537108047533,1
0.0037203293654391187,1
0.00011076888137992134,1
-0.004249615719882836,1
0.0025104892454714733,1
-0.0020754293293216474,1
-0.0010012351669128935,1
-0.002939304382382229,1
0.004823777891279401,1
-0.0032731317148885814,1
-0.00155565938265662,1
-0.0013428722526381068,1
0.0006163378290255125,1
-0.0010099454852778118,1
0.0016965910119855357,1
-0.0041274542844583605,1
0.0031461668598438204,1
-0.0019937535502483066,1
0.0005764568018882307,1
0.0001461481464814925,1
0.002520870567639488,1
-0.0018171698601463727,1
0.003161781730277506,1
0.0017317981266826489,1
-0.001057261549749403,1
-0.0021919912152709286,1
0.00419281363325831,1
-0.002607321344719005,1
0.0012528974679230879,1
-0.00038950401926861696,1
0.006130912583787075,1
0.0013684582133721968,1
0.0009317496981148576,1
0.0014889476298546415,1
0.0010369118589000114,1
-0.001553883668950257,1
-0.004452799607020946,1
0.004453958766179921,1
0.0002245786869345803,1
-0.0026948021533438615,1
0.0015812951250597659,1
0.003061684806810125,1
-0.0027949479752577716,1
-0.0022186896343715772,1
-0.005468480999683727,1
0.0026723539612605787,1
-0.0005707421047680986,1
-0.000267681570199489,1
-0.005175939677109886,1
-0.00011310508444420565,1
-0.003836544408607074,1
0.000980912238537587,1
-0.003692675689050079,1
0.003619386201536418,1
0.00290205914926575,1
-0.0013948767959507107,1
-0.0023944395423202455,1
-0.0009163400324387079,1
0.0007823311905495746,1
-0.0016107933295224917,1
0.00733063063112591,1
-0.0006720998782280166,1
0.0015802830856565414,1
0.0004267043462374685,1
0.0027329289089006105,1
0.0013108447528518085,1
0.0033325308610724774,1
0.0003499039741930278,1
0.005094353388379981,1
-0.000757493147926906,1
0.000858095906314784,1
0.000697941954647322,1
-0.0028285227227647152,1
-0.002120456830559181,1
-0.002002108626868376,1
0.002172921168483928,1
-0.0005595928013795195,1
-0.0042336800317535886,1
0.0015053694585530372,1
0.00012116296669152239,1
-0.001845236048885854,1
-0.0016610092422288893,1
0.0026906121926825897,1
0.0017842835030712964,1
-0.0030193458477715584,1
-0.001152198589474801,1
-0.0017003904079600717,1
-0.0013074579375843655,1
-0.00017366456340617154,1
0.0020167246577080496,1
-0.003000569396652159,1
-0.0017858489630735884,1
-0.00041626760569226707,1
0.000531088163946403,1
-0.0023834436202807784,1
0.0012229210316454045,1
-0.001499756148731638,1
-0.0015919359674571878,1
0.0010636666798135297,1
-0.0036963248004143606,1
-0.003472777583754504,1
0.0031515319189779753,1
0.0004533428311175339,1
-0.005301748223335521,1
0.005158335337297659,1
-0.001838052359838272,1
-0.0019002273665833032,1
0.0014070891298218198,1
-0.001983813338010917,1
0.003945591586769261,1
0.005480465384630379,1
-0.00015827636716803225,1
0.0026198194373645038,1
-0.00040139952231680877,1
-0.002223834162212398,1
0.0016610695620663924,1
-0.0014434537346885445,1
0.001622397913371811,1
0.00046322030053146557,1
-0.001808742060246551,1
-0.004973251703285732,1
-0.0024077012119361435,1
-0.0029994238250163566,1
-0.002714291056636117,1
0.0002140143462025839,1
0.0013219958908130634,1
-0.0032344985656409977,1
0.0014833637322906339,1
-0.000340299376577984,1
0.0017452898771847364,1
-0.0004489908370738773,1
0.0042695327396907274,1
-0.002849585514685766,1
-0.0009479670820262533,1
-4.2553169894918504e-05,1
0.001939412312774245,1
0.0039168307051225355,1
0.0008390981019912249,1
-0.005727108105121294,1
0.003184676566830671,1
-0.0002812883958815059,1
-0.0009827651666271498,1
-0.000923682675126846,1
-0.0013212901429459883,1
0.0009663958087462756,1
0.00032832990767371454,1
0.0019160305953478275,1
-0.00036988492813939874,1
-0.0014767748612669173,1
-0.0009630637670747929,1
-0.003973798835707692,1
0.0032302351718355897,1
0.001107757974729824,1
0.0019381305477508745,1
-0.003529256320698344,1
0.00030492709719796656,1
-0.0016920636388998813,1
-0.004781581059272984,1
-0.00042010805480694407,1
0.0018503316489127803,1
0.00040145644964344597,1
0.004051854046951055,1
0.0020044783463589516,1
-0.0005427932776827901,1
0.001514179892069566,1
0.0028036837453055273,1
-0.0012044947189105972,1
-0.00953561426108177,1
-0.001722233679619839,1
0.0006305162403209888,1
-0.004092428320057616,1
0.0005495962606609355,1
0.002662812170075154,1
0.0020760863436441804,1
-0.003773461699415107,1
0.0023308104744577617,1
-0.002022820037180501,1
-0.0003739871016781868,1
-0.0018140077355446786,1
0.005507204669955601,1
0.0006677225038602223,1
-0.001176084911246114,1
-0.006797360939970012,1
0.004560866675658288,1
-0.00047096464873388664,1
-0.0002286511722425913,1
-0.0010679971593477566,1
-0.0012004029350071107,1
0.0014483699598972113,1
0.002747113290728351,1
-0.0004785606935337813,1
0.0016804712664596447,1
-0.001309049744766373,1
0.0028139014818910225,1
0.0026452397084502067,1
-0.001232462032757188,1
0.0008053662034518806,1
-7.315063782597346e-05,1
-0.002069497680931206,1
-0.0017880299619756185,1
0.0008937459995464978,1
-0.004556965484802754,1
-0.005622478207316703,1
0.003311301171503614,1
-0.0029213306887924664,1
0.00104697616479528,1
0.0003231816438097298,1
0.000874024932225639,1
